步道名稱,地區,難度,所需時間,連結,圖片連結
象山親山步道,臺北市信義區,低,1 小時 40 分鐘,https://hiking.biji.co/index.php?q=trail&act=detail&id=76,https://cdntwrunning.biji.co/300_7885322f41fd94d458c5a5c9f4b4ba1b59ba5bc13777a4c144a25c7da3dd7dfd.jpg
七星山主峰、東峰步道,臺北市北投區,低-中,2 小時 30 分鐘,https://hiking.biji.co/index.php?q=trail&act=detail&id=54,https://cdntwrunning.biji.co/300_0aa2cd4a2c6ac39fce343acf5c08b2487b2f2d15d4391851746a4509086b3085.jpg
草嶺古道,"新北市貢寮區,宜蘭縣頭城鎮",低-中,4 小時,https://hiking.biji.co/index.php?q=trail&act=detail&id=171,https://cdntwrunning.biji.co/300_d30308921f01974aea59e342da8bd592aec3d432df1c32dd718f6ae89873b831.jpg
擎天崗環形步道,臺北市北投區,低,1 小時,https://hiking.biji.co/index.php?q=trail&act=detail&id=71,https://cdntwrunning.biji.co/300_9ba2ad87a0ec13a6c4a91e750619667fecbb65e881d84dc79fa29666aed23c56.jpg
硬漢嶺步道(觀音山),"新北市五股區,新北市八里區",低,1 小時 20 分鐘,https://hiking.biji.co/index.php?q=trail&act=detail&id=108,https://cdntwrunning.biji.co/300_3442616e7dcc0658406c51f91537021de9e9aabdf49d967d04c4c8ddf9c49976.jpg
東眼山自導式步道,桃園市復興區,低,2 小時,https://hiking.biji.co/index.php?q=trail&act=detail&id=228,https://cdntwrunning.biji.co/300_02614642b073495c4cae1be8abfe4fb806745fa4975dfa8102c143e19c7ab9dc.jpg
忘憂谷步道,基隆市,低,1 小時,https://hiking.biji.co/index.php?q=trail&act=detail&id=30,https://cdntwrunning.biji.co/300_b6703a2de0311d90be099ae0de355e1a.jpg
十分瀑布步道,新北市平溪區,低,50 分鐘,https://hiking.biji.co/index.php?q=trail&act=detail&id=759,https://cdntwrunning.biji.co/300_15159354c2e535c6de03307ac7708e02.jpg
合歡北峰步道,"南投縣仁愛鄉,花蓮縣秀林鄉",低-中,3 小時,https://hiking.biji.co/index.php?q=trail&act=detail&id=288,https://cdntwrunning.biji.co/300_126f1e7abffe01d950c52d7b4de9bdcef36d7aebdc6d1cb93bbd8324ee8146a7.jpg
滿月圓國家森林遊樂區步道群,新北市三峽區,低,3 小時,https://hiking.biji.co/index.php?q=trail&act=detail&id=87,https://cdntwrunning.biji.co/300_8ac1f6042104fb91a5424941a0c6ee858bb358c3d53298579ae2fd6bfc9f7911.jpg
合歡石門山步道,"南投縣仁愛鄉,花蓮縣秀林鄉",低,1 小時,https://hiking.biji.co/index.php?q=trail&act=detail&id=413,https://cdntwrunning.biji.co/300_69fc728b202acaf4f2a86e65ca835469.jpg
溪頭觀景步道,南投縣鹿谷鄉,低,20 分鐘,https://hiking.biji.co/index.php?q=trail&act=detail&id=303,https://cdntwrunning.biji.co/300_8205c68e5b816669c2029974e23baf4458e660d06aecaeb4d339b48aef5438ec.jpg
合歡東峰步道,"南投縣仁愛鄉,花蓮縣秀林鄉",低-中,2 小時 30 分鐘,https://hiking.biji.co/index.php?q=trail&act=detail&id=287,https://cdntwrunning.biji.co/300_acfba5d425f97528c273b948ecdfbd3611b251dcda6db1d6b4fe74a2e3758c50.jpg
五峰旗瀑布步道,宜蘭縣礁溪鄉,低,40 分鐘,https://hiking.biji.co/index.php?q=trail&act=detail&id=525,https://cdntwrunning.biji.co/300_156e914c9282a382751186812364a3cd.jpg
溪頭大學池步道,南投縣鹿谷鄉,低,1 小時 30 分鐘,https://hiking.biji.co/index.php?q=trail&act=detail&id=490,https://cdntwrunning.biji.co/300_4f17aa990583097d38c028b4d247e2e7.jpg
合歡主峰步道,"南投縣仁愛鄉,花蓮縣秀林鄉",低,2 小時,https://hiking.biji.co/index.php?q=trail&act=detail&id=289,https://cdntwrunning.biji.co/300_3752543254f0c6589b0babf4401f98293404299b005dc77bc0ae9595950d00a3.jpg
無耳茶壺山步道,新北市瑞芳區,低,2 小時,https://hiking.biji.co/index.php?q=trail&act=detail&id=400,https://cdntwrunning.biji.co/300_b5bd3b2c6afb705fd818191db0391e64916a84a56f1d2e0ad91ecc1997987160.jpg
軍艦岩、丹鳳山親山步道,臺北市北投區,低,2 小時 40 分鐘,https://hiking.biji.co/index.php?q=trail&act=detail&id=74,https://cdntwrunning.biji.co/300_c260524db115ecdf9540cad7f92840b1.jpg
阿里山國家森林遊樂區巨木群步道,嘉義縣阿里山鄉,低,1 小時 50 分鐘,https://hiking.biji.co/index.php?q=trail&act=detail&id=314,https://cdntwrunning.biji.co/300_891836817cf337cfd05091de67eea7de407e768c50e8989f9c87fb1f46703a3e.jpg
金面山親山步道,臺北市內湖區,低-中,2 小時 30 分鐘,https://hiking.biji.co/index.php?q=trail&act=detail&id=41,https://cdntwrunning.biji.co/300_68d42b4c7b34cab1ec78f01ba2ed5dda8f78d18ef607a5781f077bf463d66e43.jpg
劍潭山親山步道,臺北市士林區,低,1 小時 30 分鐘,https://hiking.biji.co/index.php?q=trail&act=detail&id=34,https://cdntwrunning.biji.co/300_e783644fde5256a770b1517c2686cb068c0631385541ed1d72f414d789505f90.jpg
二子坪步道,新北市三芝區,低,1 小時 20 分鐘,https://hiking.biji.co/index.php?q=trail&act=detail&id=86,https://cdntwrunning.biji.co/300_7f5977e2cc31602ba248f5a575b8497de9deb3cc19a776c0b63696200c3bf21f.jpg
鳶嘴稍來山國家步道,臺中市和平區,中,9 小時,https://hiking.biji.co/index.php?q=trail&act=detail&id=264,https://cdntwrunning.biji.co/300_f6def663515e7e4894ef59e725879d42138286afeee6d9c78177e66fdf10c938.jpg
鼻頭角步道,新北市瑞芳區,低,1 小時 30 分鐘,https://hiking.biji.co/index.php?q=trail&act=detail&id=194,https://cdntwrunning.biji.co/300_08960450a442e2cfbd009fd1845840a2d1caa29352506ce0bb60dbbf57702830.jpg
夢幻湖步道,臺北市北投區,低,1 小時 10 分鐘,https://hiking.biji.co/index.php?q=trail&act=detail&id=55,https://cdntwrunning.biji.co/300_cc1932e0d10f944a0d3e4dd5ae6fc66c0f66710d2b43c4caa65cda563f17c28d.jpg
砂卡礑步道,花蓮縣秀林鄉,低,3 小時 20 分鐘,https://hiking.biji.co/index.php?q=trail&act=detail&id=355,https://cdntwrunning.biji.co/300_962630f66c562a1700aac2b551bc0eca7785f39919896a4451b6085f58231728.jpg
大屯主峰步道,臺北市北投區,低-中,1 小時 30 分鐘,https://hiking.biji.co/index.php?q=trail&act=detail&id=69,https://cdntwrunning.biji.co/300_076cf647aa670dfe0b0f8cf5d79d546e3968b264ffffca6ba63e3c4f44688d59.jpg
天母水管路步道(天母古道),臺北市北投區,低,1 小時 30 分鐘,https://hiking.biji.co/index.php?q=trail&act=detail&id=70,https://cdntwrunning.biji.co/300_4f8ee9955056f18f61485f29230cfd22a7d16caa6a63a335c24e285ba5add7d6.jpg
林美石磐步道,宜蘭縣礁溪鄉,低,1 小時,https://hiking.biji.co/index.php?q=trail&act=detail&id=381,https://cdntwrunning.biji.co/300_84c6b2f345167d172d74741d753d93951057d6786323d7c50dceead24f60f3b9.jpg
拉拉山神木群步道,"新北市烏來區,桃園市復興區",低,1 小時 40 分鐘,https://hiking.biji.co/index.php?q=trail&act=detail&id=446,https://cdntwrunning.biji.co/300_4472dd5083fc7a70847c3c775430d4d3.jpg
烘爐地登山步道(南勢角山),新北市中和區,低,2 小時,https://hiking.biji.co/index.php?q=trail&act=detail&id=105,https://cdntwrunning.biji.co/300_5f03765c537cb5781260c8a198eb9a7cbe514b70ea984f563d466029fc730153.jpg
虎山親山步道,臺北市信義區,低,2 小時 30 分鐘,https://hiking.biji.co/index.php?q=trail&act=detail&id=75,https://cdntwrunning.biji.co/300_8408dde48673eaef3549a28c756fd0c002b2d1508bcf712af5e3a3b2f065155c.jpg
加里山登山步道,苗栗縣南庄鄉,中,7 小時 30 分鐘,https://hiking.biji.co/index.php?q=trail&act=detail&id=249,https://cdntwrunning.biji.co/300_50fee495f3e503c8e3671c3d6b3cd1fd.jpg
見晴懷古步道,宜蘭縣大同鄉,低,50 分鐘,https://hiking.biji.co/index.php?q=trail&act=detail&id=370,https://cdntwrunning.biji.co/300_ce7d6201af22fc4e89b11bdc996c7b4d38eabe7e79ab3c9b7bf437456b4147f4.jpg
台大椰林步道,臺北市大安區,低,20 分鐘,https://hiking.biji.co/index.php?q=trail&act=detail&id=37,https://cdntwrunning.biji.co/300_377205e9651048d58d3b05e4f8955e5551624b7ba32c41ce2fb589d3c9333bb7.jpg
特富野古道,嘉義縣阿里山鄉,低-中,4 小時,https://hiking.biji.co/index.php?q=trail&act=detail&id=315,https://cdntwrunning.biji.co/300_7caeed2699e926b94c1934af353a0e77d6ecac8a1198ab0ed2e8ea65eb83c3d7.jpg
馬那邦山登山步道,"苗栗縣大湖鄉,苗栗縣泰安鄉",低-中,4 小時,https://hiking.biji.co/index.php?q=trail&act=detail&id=247,https://cdntwrunning.biji.co/300_ee945eb27c58d2e9ff76f49859507b964a1ddfb20d6e580be5d05c4496e47472.jpg
火炎山、南鞍古道O走,苗栗縣三義鄉,低-中,3 小時,https://hiking.biji.co/index.php?q=trail&act=detail&id=387,https://cdntwrunning.biji.co/300_378daeff5af2c9f53725808e90c14ef743c8b4f3f97fca750b00d98bc8dd66b3.jpg
奮起湖大凍山步道,"嘉義縣梅山鄉,嘉義縣竹崎鄉,嘉義縣阿里山鄉",低,2 小時 5 分鐘,https://hiking.biji.co/index.php?q=trail&act=detail&id=309,https://cdntwrunning.biji.co/300_124117f5f4b15ee8f6d4b47602bf5db03aa3a7f364f6a29a7f8f5e3c43bd79e2.jpg
五寮尖登山步道,新北市三峽區,中,5 小時,https://hiking.biji.co/index.php?q=trail&act=detail&id=88,https://cdntwrunning.biji.co/300_bd23797b37bcafa0afbfc26b6f2d53e6e5280c1535707e436ab296df0621cd3d.jpg
玉山主峰步道,"南投縣信義鄉,高雄市桃源區",中,2 天,https://hiking.biji.co/index.php?q=trail&act=detail&id=299,https://cdntwrunning.biji.co/300_b0e9902c4a7b6a7164ff32f0a80e9ce27e8ace627fb20ae7dfd7021891452a07.jpg
聖母登山步道（抹茶山）,宜蘭縣礁溪鄉,低-中,5 小時,https://hiking.biji.co/index.php?q=trail&act=detail&id=382,https://cdntwrunning.biji.co/300_0fd5720de6a492a9f8a811d8e873cb6d79e1157774fd10a50e9943890ef8d25f.jpg
野柳地質公園、野柳岬山步道,新北市萬里區,低,2 小時 15 分鐘,https://hiking.biji.co/index.php?q=trail&act=detail&id=561,https://cdntwrunning.biji.co/300_e19e585573e424a5e1723687f6f9d057.jpg
翠峰湖環山步道,宜蘭縣大同鄉,低,2 小時 50 分鐘,https://hiking.biji.co/index.php?q=trail&act=detail&id=373,https://cdntwrunning.biji.co/300_cb58716ac03bff6846ff9ae5fd928934a1b6a8fc0a351b6758fbb78afa559da1.jpg
溪頭空中走廊,南投縣鹿谷鄉,低,5 分鐘,https://hiking.biji.co/index.php?q=trail&act=detail&id=492,https://cdntwrunning.biji.co/300_10d83bff78e6c1cdd1891d02a32cd20aa00b16d367d8fc6b26377cfae2ceb06d.jpg
絹絲瀑布步道,臺北市北投區,低,1 小時 30 分鐘,https://hiking.biji.co/index.php?q=trail&act=detail&id=56,https://cdntwrunning.biji.co/300_b6ae5e4368a11316692ddae84f9bdd85.jpg
桃園石門山步道,桃園市龍潭區,低,2 小時,https://hiking.biji.co/index.php?q=trail&act=detail&id=232,https://cdntwrunning.biji.co/300_6be4919e7ad5ea1d78591b424eb00db10097e1ad2a91be20bf489fb8798b7330.jpg
奧萬大國家森林遊樂區步道群,南投縣仁愛鄉,低,6 小時,https://hiking.biji.co/index.php?q=trail&act=detail&id=290,https://cdntwrunning.biji.co/300_a84fd14c6925850fe24d8cd1891d9dc4427ddf0fe6e52612723fb41d1db0d0cb.jpg
情人湖、大武崙砲台、大武崙山步道,基隆市安樂區,低,1 小時,https://hiking.biji.co/index.php?q=trail&act=detail&id=404,https://cdntwrunning.biji.co/300_1cd634a1c5d3d68492a4b150f2671235efe393177f141baa7f383fdee4f161a6.jpg
溪頭神木步道,南投縣鹿谷鄉,低,2 小時,https://hiking.biji.co/index.php?q=trail&act=detail&id=491,https://cdntwrunning.biji.co/300_2b1b7bdddf31f2ab20332a8a4b8482b43ff8c0572b754650fbbf5afe68a60b33.jpg
內洞國家森林遊樂區步道群,新北市烏來區,低-中,2 小時 40 分鐘,https://hiking.biji.co/index.php?q=trail&act=detail&id=165,https://cdntwrunning.biji.co/300_8d9b269959b8c97cb64e08e79955bfc05d5491d4272f1cf1f23fe449dbf6f8ed.jpg
面天山-向天山步道,"臺北市北投區,新北市淡水區",低-中,5 小時 10 分鐘,https://hiking.biji.co/index.php?q=trail&act=detail&id=660,https://cdntwrunning.biji.co/300_824d9f41f94192dc8990206e6a131e0d.jpg
司馬庫斯神木群步道,新竹縣尖石鄉,低,5 小時,https://hiking.biji.co/index.php?q=trail&act=detail&id=445,https://cdntwrunning.biji.co/300_a3a68431bda13cfc6dbf725e85a20c274ffbf6fed0bb366eb87bf5509b67a278.jpg
金包里大路(擎天崗至上磺溪停車場段),"臺北市北投區,新北市金山區",低,1 小時 40 分鐘,https://hiking.biji.co/index.php?q=trail&act=detail&id=73,https://cdntwrunning.biji.co/300_7661c4e7f73daf03a1f9c57d6e926f3e32d827e6a780c55fc1a99c69da2648bf.jpg
頂山—石梯嶺步道,臺北市士林區,低,3 小時,https://hiking.biji.co/index.php?q=trail&act=detail&id=10,https://cdntwrunning.biji.co/300_74e082409a0b128a84a0cc4ff9ff494bde926f8df342a0394ea9358938f32f17.jpg
桃源谷步道(內寮線),新北市貢寮區,低,1 小時,https://hiking.biji.co/index.php?q=trail&act=detail&id=170,https://cdntwrunning.biji.co/300_ecf7fb3fc9b32f629bc2c7b457f50f1cc0c21433bf68338b2d5017d57ecdb608.jpg
鳶山登山步道,新北市三峽區,低,3 小時,https://hiking.biji.co/index.php?q=trail&act=detail&id=89,https://cdntwrunning.biji.co/300_3261d59ad925fb05ebadc6b5f266282e3d1a63fc1b8c3cba653dedd08033ebc8.jpg
大坑4號步道,臺中市北屯區,低-中,2 小時 40 分鐘,https://hiking.biji.co/index.php?q=trail&act=detail&id=562,https://cdntwrunning.biji.co/300_ee0d32ed4c69e994258a20c2543401fa.jpg
皇帝殿登山步道,新北市石碇區,低-中,3 小時 30 分鐘,https://hiking.biji.co/index.php?q=trail&act=detail&id=131,https://cdntwrunning.biji.co/300_f9b0847aab274a0c997efbcee0d82115ea0fc9a7eb86f540a10d85ddf52d4c60.jpg
象鼻岩步道,新北市瑞芳區,低,30 分鐘,https://hiking.biji.co/index.php?q=trail&act=detail&id=552,https://cdntwrunning.biji.co/300_6bde96c423cbc01c7ac61bc21a871c082a87c713941014425594a181489eaad3.jpg
指南宮貓空親山步道,台北市文山區,低,2 小時 5 分鐘,https://hiking.biji.co/index.php?q=trail&act=detail&id=47,https://cdntwrunning.biji.co/300_507bb5f3ff2ec1a0f0eeaab63d448adc4204825f28c598761ea3b93559a9b1e1.jpg
合歡尖山步道,"南投縣仁愛鄉,花蓮縣秀林鄉",低-中,30 分鐘,https://hiking.biji.co/index.php?q=trail&act=detail&id=286,https://cdntwrunning.biji.co/300_f790e24eeb7124639dfd9f866c73ac4c9e582f4d4c64a925c21d123dedbcf5b0.jpg
仙跡岩步道,臺北市文山區,低,1 小時 20 分鐘,https://hiking.biji.co/index.php?q=trail&act=detail&id=49,https://cdntwrunning.biji.co/300_9beb91a6b61ea9aa34725ba04ffa06c0f6e2283fa42d254a803970a417df5907.jpg
十八尖山步道,新竹市東區,低,1 小時 30 分鐘,https://hiking.biji.co/index.php?q=trail&act=detail&id=234,https://cdntwrunning.biji.co/300_79bcb456975304dc63559d06b3a313288713e171e44ce2dcb33cfc805d8afcd7.jpg
三貂嶺瀑布群步道,"新北市瑞芳區,新北市平溪區",低-中,3 小時,https://hiking.biji.co/index.php?q=trail&act=detail&id=201,https://cdntwrunning.biji.co/300_e33d7954958d96b278e8ee54e4920a8527c52cacd2d8f5819709a6abd11f4bf6.jpg
大屯主峰-連峰步道,"臺北市北投區,新北市淡水區",低-中,3 小時 50 分鐘,https://hiking.biji.co/index.php?q=trail&act=detail&id=664,https://cdntwrunning.biji.co/300_8b6387a22cf23a26e0dfe52483fd553d.jpg
大坑9、10號步道,臺中市北屯區,低,1 小時 5 分鐘,https://hiking.biji.co/index.php?q=trail&act=detail&id=258,https://cdntwrunning.biji.co/300_28b74a7ec758ce90a0cca44452609894712c9c510b1dbdb18cdde4ac48542710.jpg
銀河洞越嶺登山步道,新北市新店區,低,1 小時 5 分鐘,https://hiking.biji.co/index.php?q=trail&act=detail&id=50,https://cdntwrunning.biji.co/300_8384ff4503d3ac5587df3a07172805ff.jpg
新山夢湖登山步道,新北市汐止區,低-中,1 小時 5 分鐘,https://hiking.biji.co/index.php?q=trail&act=detail&id=140,https://cdntwrunning.biji.co/300_0ffa9cc2740924e742dce0a31e9a9b81aef02da5f54612592b1e03a73bef5cde.jpg
白楊步道,花蓮縣秀林鄉,低,2 小時,https://hiking.biji.co/index.php?q=trail&act=detail&id=357,https://cdntwrunning.biji.co/300_723580a64cfbed99df33b99395346b24df736aed7ac9599dc628b91ff0e1cc05.jpg
基隆山步道,新北市瑞芳區,低,1 小時 10 分鐘,https://hiking.biji.co/index.php?q=trail&act=detail&id=399,https://cdntwrunning.biji.co/300_2b1cfc6188ebaf28825d5dca13fa8dd8.jpg
飛鳳山、觀日坪古道,新竹縣芎林鄉,低,2 小時 40 分鐘,https://hiking.biji.co/index.php?q=trail&act=detail&id=593,https://cdntwrunning.biji.co/300_858461478c8d2589dcf620eebc058489.jpg
錐麓古道,花蓮縣秀林鄉,低-中,7 小時,https://hiking.biji.co/index.php?q=trail&act=detail&id=9,https://cdntwrunning.biji.co/300_c61865454e25b0738170e2c46f54fa3cec2be27e23eec7adc9bb89928b01a230.jpg
墾丁國家森林遊樂區步道群,屏東縣恆春鎮,低,3 小時,https://hiking.biji.co/index.php?q=trail&act=detail&id=333,https://cdntwrunning.biji.co/300_8cf464372a884b0c87725ce982c74f1d.jpg
雪山主東峰步道,"苗栗縣泰安鄉,臺中市和平區",中,3 天,https://hiking.biji.co/index.php?q=trail&act=detail&id=431,https://cdntwrunning.biji.co/300_e2cbc2dee68b0f261378d30f9cac8708d9075304b1811e072094713cad1e3ab9.jpg
東卯山步道,臺中市和平區,中,5 小時 40 分鐘,https://hiking.biji.co/index.php?q=trail&act=detail&id=265,https://cdntwrunning.biji.co/300_883d993cf50c6c1bbae97026e476a272.jpg
千島湖周邊步道,新北市石碇區,低,2 小時,https://hiking.biji.co/index.php?q=trail&act=detail&id=130,https://cdntwrunning.biji.co/300_bdb3430bc097b006e961c932ee145ea590414bdf532160f6ba746ab22de1fa95.jpg
溪頭森林浴步道,南投縣鹿谷鄉,低,50 分鐘,https://hiking.biji.co/index.php?q=trail&act=detail&id=486,https://cdntwrunning.biji.co/300_c6f57788ce55a8c0993ecd99fde6d77a.jpg
獨立山國家步道,嘉義縣竹崎鄉,低,2 小時,https://hiking.biji.co/index.php?q=trail&act=detail&id=310,https://cdntwrunning.biji.co/300_042a148eff3abfa9f334a0ac398fdb51ff98272e2ce347d258a67fcbe5467790.jpg
九五峰步道,台北市南港區,低,2 小時 35 分鐘,https://hiking.biji.co/index.php?q=trail&act=detail&id=435,https://cdntwrunning.biji.co/300_c1f070cb1e3253487a0dc33151a44a171a2ca8aab65e4ed357c28b86979e49ca.jpg
大崙頭尾山親山步道,臺北市士林區,低,2 小時,https://hiking.biji.co/index.php?q=trail&act=detail&id=35,https://cdntwrunning.biji.co/300_15b1f2ade6d1ebaf4fc9c9add5eac92e.jpg
土城桐花公園步道,新北市土城區,低,2 小時 30 分鐘,https://hiking.biji.co/index.php?q=trail&act=detail&id=94,https://cdntwrunning.biji.co/300_38d91788d11d954914f79ad2d6d6520fe241db3a951aa82516bac7d94047b7fb.jpg
桃源谷步道(大溪線),"新北市貢寮區,宜蘭縣頭城鎮",低-中,5 小時,https://hiking.biji.co/index.php?q=trail&act=detail&id=862,https://cdntwrunning.biji.co/300_2653964578b336ff31a9818e92fd4326.jpg
三仙台步道(三仙台燈塔),臺東縣成功鎮,低,1 小時 30 分鐘,https://hiking.biji.co/index.php?q=trail&act=detail&id=748,https://cdntwrunning.biji.co/300_41e69f03d082defaa4187f7abd051897.jpg
南港山縱走親山步道(拇指山、南港山、象山、九五峰),"臺北市信義區,臺北市南港區",低-中,3 小時,https://hiking.biji.co/index.php?q=trail&act=detail&id=78,https://cdntwrunning.biji.co/300_d237f31cf88c83640de81c6bd508b91fb167dcf327f91352f14b0e836397ba10.jpg
大雪山森林遊樂區森林浴步道,臺中市和平區,低,1 小時 10 分鐘,https://hiking.biji.co/index.php?q=trail&act=detail&id=270,https://cdntwrunning.biji.co/300_67ac4ed2356b168b7c4d54fa00235da4b67ae3732f21529e01079fc022bd2d13.jpg
福山植物園,"宜蘭縣員山鄉,新北市烏來區",低,2 小時,https://hiking.biji.co/index.php?q=trail&act=detail&id=766,https://cdntwrunning.biji.co/300_4d08d40a8785df4feab5a511bd0892bb.jpg
杉林溪松瀧岩瀑布、天地眼步道,南投縣竹山鎮,低,55 分鐘,https://hiking.biji.co/index.php?q=trail&act=detail&id=715,https://cdntwrunning.biji.co/300_32e6ad701c45fe48a743e9ae994e68c2.jpg
三貂角燈塔步道,新北市貢寮區,低,40 分鐘,https://hiking.biji.co/index.php?q=trail&act=detail&id=169,https://cdntwrunning.biji.co/300_0e0674fc8b3dcedca81834eb4611dbd41c3abc6e2a376ae308cee98d184007dc.jpg
黃金神社步道,新北市瑞芳區,低,30 分鐘,https://hiking.biji.co/index.php?q=trail&act=detail&id=191,https://cdntwrunning.biji.co/300_d516f015a3b77f799026e23d9b73a3e1.jpg
冷擎步道,臺北市北投區,低,1 小時 30 分鐘,https://hiking.biji.co/index.php?q=trail&act=detail&id=520,https://cdntwrunning.biji.co/300_5229950516e212de196433648b676342243cbe174c0c70c7827c843bbd88b8d7.jpg
奇萊南峰步道、南華山步道(奇萊南華) ,"南投縣仁愛鄉,花蓮縣秀林鄉",中,2 天,https://hiking.biji.co/index.php?q=trail&act=detail&id=430,https://cdntwrunning.biji.co/300_08640ca1f9cd0459f389d533eac56d6d566899549e3001f715733350dcdfd880.jpg
忘憂森林步道,南投縣鹿谷鄉,低,1 小時 10 分鐘,https://hiking.biji.co/index.php?q=trail&act=detail&id=425,https://cdntwrunning.biji.co/300_89ca2f9da115d3cf5aa38f863ff7820fa68619a7054aa56d82b4ad3029b12e2d.jpg
富貴角燈塔步道,新北市石門區,低,50 分鐘,https://hiking.biji.co/index.php?q=trail&act=detail&id=125,https://cdntwrunning.biji.co/300_503aeb5b1c502268e9230892366570cd2d71b4114bb6735ffb9c3fe5445c5df5.jpg
唐麻丹山步道,臺中市和平區,低-中,4 小時,https://hiking.biji.co/index.php?q=trail&act=detail&id=263,https://cdntwrunning.biji.co/300_a25af470d5236442522c90bafdfe9116d05060edfc12047a0248f1c4c429049d.jpg
阿朗壹古道(琅嶠‧卑南道),"屏東縣牡丹鄉,臺東縣達仁鄉",低,4 小時,https://hiking.biji.co/index.php?q=trail&act=detail&id=327,https://cdntwrunning.biji.co/300_36e64b4dcb8a536061c675b0913b97ec.jpg
嘉明湖步道,臺東縣海端鄉,中-高,3 天,https://hiking.biji.co/index.php?q=trail&act=detail&id=347,https://cdntwrunning.biji.co/300_26364cdd987ea1909f5c2358e1f6e1798357aecf1eefbb3e7882ee69428f8d34.jpg
坪頂古圳步道,臺北市士林區,低,1 小時 10 分鐘,https://hiking.biji.co/index.php?q=trail&act=detail&id=36,https://cdntwrunning.biji.co/300_99fbb9fb0016dafc13043a784e99a857.jpg
樹林大棟山、青龍嶺、大同山步道,"新北市樹林區,桃園市龜山區",低-中,4 小時,https://hiking.biji.co/index.php?q=trail&act=detail&id=212,https://cdntwrunning.biji.co/300_d46e9235662732e671ad683700b4a308f6da5bd341dadd7a3635c653225afea0.jpg
田寮月世界地景步道,高雄市田寮區,低,1 小時,https://hiking.biji.co/index.php?q=trail&act=detail&id=389,https://cdntwrunning.biji.co/300_5e70f6e46608cf49d13520ba387c271af500b33f336da572cac09bb0eddcb3d7.jpg
劍南山步道,台北市士林區,低,2 小時,https://hiking.biji.co/index.php?q=trail&act=detail&id=40,https://cdntwrunning.biji.co/300_7a569a291c8c23f209a97e2082651456ef1832d51ba226fbbdd8fb864d77a83d.jpg
樟樹步道,台北市文山區,低,40 分鐘,https://hiking.biji.co/index.php?q=trail&act=detail&id=48,https://cdntwrunning.biji.co/300_6cff6f251c003e70da6831e5954b6bf0d13cf572d9e7282c241970f58d69fde9.jpg
竹子湖文學步道,台北市北投區,低,10 分鐘,https://hiking.biji.co/index.php?q=trail&act=detail&id=57,https://cdntwrunning.biji.co/300_00b1718c948fd47eef55295d70e42538a2a1b36611b85693b15271544ef3a64b.jpg
燕子口步道,花蓮縣秀林鄉,低,20 分鐘,https://hiking.biji.co/index.php?q=trail&act=detail&id=524,https://cdntwrunning.biji.co/300_0053573280a35be9f7a2216f9744945a.jpg
關仔嶺大凍山步道,"嘉義縣大埔鄉,臺南市白河區",低-中,4 小時,https://hiking.biji.co/index.php?q=trail&act=detail&id=308,https://cdntwrunning.biji.co/300_d7b3c11425091778b59b885da3418f054a92074f5d8d0ee98620e730c5cc89c0.jpg
北柴山登山步道(北壽山),高雄市鼓山區,低,3 小時,https://hiking.biji.co/index.php?q=trail&act=detail&id=325,https://cdntwrunning.biji.co/300_0866a6abdd15f7162ef36b4879c2b7e81e3fce57505fde229c1af9104c4e90af.jpg
獅頭山公園步道,新北市金山區,低,1 小時 30 分鐘,https://hiking.biji.co/index.php?q=trail&act=detail&id=160,https://cdntwrunning.biji.co/300_287dba77899aa13517859ec085f90d06.jpg
獅山古道,"新竹縣峨眉鄉,苗栗縣南庄鄉",低,2 小時 20 分鐘,https://hiking.biji.co/index.php?q=trail&act=detail&id=793,https://cdntwrunning.biji.co/300_e62d6bbef32bfa435ef54bbff703cd9d.jpg
陽明山東西大縱走,"臺北市士林區,臺北市北投區,新北市萬里區,新北市淡水區,新北市三芝區",中,11 小時,https://hiking.biji.co/index.php?q=trail&act=detail&id=428,https://cdntwrunning.biji.co/300_a73ebefb5ae8f9410d5b0240d89a859a4959a1c23fc3c4bcbbbd36a4cc2e82c6.jpg
小烏來天空步道,桃園市復興區,低,1 小時 25 分鐘,https://hiking.biji.co/index.php?q=trail&act=detail&id=686,https://cdntwrunning.biji.co/300_a39ee9e5263a1409e37e1d6d329b7d63.jpg
二延平步道,嘉義縣番路鄉,低,2 小時,https://hiking.biji.co/index.php?q=trail&act=detail&id=410,https://cdntwrunning.biji.co/300_7d7ec65f01c5c18baa3d85d99abebc75.jpg
天上山步道,新北市土城區,低,2 小時 10 分鐘,https://hiking.biji.co/index.php?q=trail&act=detail&id=104,https://cdntwrunning.biji.co/300_84fdba24055055afad22482c467bade9bc438660f51e2ad6d988fa4daa3204dc.jpg
孝子山步道,新北市平溪區,低,50 分鐘,https://hiking.biji.co/index.php?q=trail&act=detail&id=113,https://cdntwrunning.biji.co/300_13f8774a32fc98ea29d99b60f128c0be2428abd2a0b5aec27d092c8a6486b0c4.jpg
五分山步道,"基隆市暖暖區,新北市瑞芳區,新北市平溪區",低-中,3 小時 40 分鐘,https://hiking.biji.co/index.php?q=trail&act=detail&id=115,https://cdntwrunning.biji.co/300_cca3f4236db2b2e871e93e94abc26908e96019b01ed2a8f4cd9e2e5387b7fa73.jpg
姜子寮山步道,"基隆市暖暖區,基隆市七堵區",低,1 小時 30 分鐘,https://hiking.biji.co/index.php?q=trail&act=detail&id=463,https://cdntwrunning.biji.co/300_9dfc27db18fcfb85fe79dd0bf517a1e42d1e8e3ecaeb762536379c6f74f3a285.jpg
好望角步道,苗栗縣後龍鎮,低,1 小時 40 分鐘,https://hiking.biji.co/index.php?q=trail&act=detail&id=250,https://cdntwrunning.biji.co/300_10bb1a6e77a92603b7c88c44984a1faf60fc76cf1c63c5a010f8926c052946da.jpg
和美山步道,新北市新店區,低,2 小時,https://hiking.biji.co/index.php?q=trail&act=detail&id=183,https://cdntwrunning.biji.co/300_d3b73df256f564da6f92f5741e0a9f7180fc4a5c3d70712c2c55446b9c44052d.jpg
棲蘭神木園步道,宜蘭縣大同鄉,低,2 小時,https://hiking.biji.co/index.php?q=trail&act=detail&id=368,https://cdntwrunning.biji.co/300_455a4fd0cceb8e0c64579132c7b937cf500a6dc53e47a2bc0d44440373e3c3f5.jpg
大尖山步道,新北市汐止區,低,45 分鐘,https://hiking.biji.co/index.php?q=trail&act=detail&id=139,https://cdntwrunning.biji.co/300_3e42bdce11c8e5411f222f2306542de0.jpg
大溝溪溪畔步道,台北市內湖區,低,20 分鐘,https://hiking.biji.co/index.php?q=trail&act=detail&id=418,https://cdntwrunning.biji.co/300_058595768207606c4e7f978173c40a3fc09402ac043a794d71b9885ca3d06c60.jpg
鎮西堡巨木群步道（B區）,新竹縣尖石鄉,中,4 小時,https://hiking.biji.co/index.php?q=trail&act=detail&id=241,https://cdntwrunning.biji.co/300_0eba2790e3440478af06690fe4c7d73c5beb0bf56a08d3a0ba8aaa9497572bd4.jpg
鵝鑾鼻步道,屏東縣恆春鄉,低,1 小時 15 分鐘,https://hiking.biji.co/index.php?q=trail&act=detail&id=329,https://cdntwrunning.biji.co/300_1877d9b4d136d38314d26d129cfe8ad83f3b24fbcbbed055775e8930499a35ac.jpg
白毛山步道,臺中市和平區,中,6 小時 20 分鐘,https://hiking.biji.co/index.php?q=trail&act=detail&id=266,https://cdntwrunning.biji.co/300_207ff689e430c34778d9776765062316.jpg
社頂自然公園步道,屏東縣恆春鄉,低,1 小時 30 分鐘,https://hiking.biji.co/index.php?q=trail&act=detail&id=330,https://cdntwrunning.biji.co/300_9a0d13c5588b0cbd625dc51749dccec14164ff48fcec01c4f13161377d5723c8.jpg
樟湖步道,"台北市文山區,新北市新店區",低,1 小時 10 分鐘,https://hiking.biji.co/index.php?q=trail&act=detail&id=53,https://cdntwrunning.biji.co/300_2db7ccbd9ef49cb1474c86b067f0172be3c24d94864a24012f16314f36a1fb70.jpg
南子吝登山步道,新北市瑞芳區,低,1 小時,https://hiking.biji.co/index.php?q=trail&act=detail&id=192,https://cdntwrunning.biji.co/300_47444b0623cf5892a54dc2170b129e41.jpg
桃山瀑布步道,臺中市和平區,低,4 小時,https://hiking.biji.co/index.php?q=trail&act=detail&id=262,https://cdntwrunning.biji.co/300_e7beccbc14944af548fafd9b9b2441dad9243729cae9c22d34414f511989cb34.jpg
桃園虎頭山步道,"桃園市桃園區,桃園市龜山區",低,1 小時 50 分鐘,https://hiking.biji.co/index.php?q=trail&act=detail&id=401,https://cdntwrunning.biji.co/300_9bd7b79a4dec2b3214499cadd103b62f8bd04883a4123c6d544b8e0ee556f356.jpg
南庄向天湖山步道,苗栗縣南庄鄉,低-中,2 小時 45 分鐘,https://hiking.biji.co/index.php?q=trail&act=detail&id=738,https://cdntwrunning.biji.co/300_796e4acbbc3d61a9e8486252af0785ec.jpg
馬崙山步道,臺中市和平區,中,8 小時 15 分鐘,https://hiking.biji.co/index.php?q=trail&act=detail&id=267,https://cdntwrunning.biji.co/300_3fecbf12b87b801490cbe84a7f995bc82c3775dbe2e74043c97da38d9a76c89b.jpg
八仙山主峰步道,臺中市和平區,中,8 小時,https://hiking.biji.co/index.php?q=trail&act=detail&id=259,https://cdntwrunning.biji.co/300_75a9272b4c89de69687d66b70ce48ec4.jpg
青山瀑布步道,新北市石門區,低-中,2 小時 30 分鐘,https://hiking.biji.co/index.php?q=trail&act=detail&id=124,https://cdntwrunning.biji.co/300_3bf8584053af77e785521c7468a3e01cdee2ccbbd1eb641c157ce50127efa8e7.jpg
虎山溪步道,臺北市信義區,低,1 小時 20 分鐘,https://hiking.biji.co/index.php?q=trail&act=detail&id=437,https://cdntwrunning.biji.co/300_60599e66753946121fc04b3b6d029601403a4160483933c415870db9236c966f.jpg
祝山觀日步道(小笠原山),嘉義縣阿里山鄉,低,3 小時,https://hiking.biji.co/index.php?q=trail&act=detail&id=485,https://cdntwrunning.biji.co/300_d19a24d8a734b8d489c68280bb709e3aa4b63507bd137dd90edf6b7019f5d7b9.jpg
八仙山國家森林遊樂區步道群,台中市和平區,低,3 小時,https://hiking.biji.co/index.php?q=trail&act=detail&id=260,https://cdntwrunning.biji.co/300_89be087d3c18a381bbb0c1bc07c0eda3.jpg
竹子湖環狀步道,台北市北投區,低,50 分鐘,https://hiking.biji.co/index.php?q=trail&act=detail&id=61,https://cdntwrunning.biji.co/300_57aad526789aec9e758be79c89cff34de0253720af312cf70b770f4ca6ed71ba.jpg
北大武山步道,"屏東縣瑪家鄉,屏東縣泰武鄉,臺東縣金峰鄉",中-高,2 天,https://hiking.biji.co/index.php?q=trail&act=detail&id=338,https://cdntwrunning.biji.co/300_ec65956b52bc8ccaea1a9ab59dc48e2dd03a05ef7737f03a542c3d883df8622e.jpg
太平山檜木原始林步道,宜蘭縣南澳鄉,低,50 分鐘,https://hiking.biji.co/index.php?q=trail&act=detail&id=1018,https://cdntwrunning.biji.co/300_f638be940f6136d1d8b761d42f0d650e.jpg
鯉魚山親山步道,臺北市內湖區,低,50 分鐘,https://hiking.biji.co/index.php?q=trail&act=detail&id=6,https://cdntwrunning.biji.co/300_9aafb24f2c025768409f59d3139e7d85f3a6e532c499102e4701d44460c22092.jpg
仙山登山步道,"苗栗縣南庄鄉,苗栗縣獅潭鄉",低-中,1 小時 30 分鐘,https://hiking.biji.co/index.php?q=trail&act=detail&id=256,https://cdntwrunning.biji.co/300_bf698493a0a0f1f1d3010fd19f282727.jpg
合歡西峰登山山徑(合歡北西),"南投縣仁愛鄉,花蓮縣秀林鄉",中,10 小時,https://hiking.biji.co/index.php?q=trail&act=detail&id=536,https://cdntwrunning.biji.co/300_4964146b748a61f46b09567cbf5cef8bdcbfcedd1ddae8f13ba608b0a6bbe477.jpg
雲嘉大尖山、二尖山步道,嘉義縣梅山鄉,低-中,3 小時 30 分鐘,https://hiking.biji.co/index.php?q=trail&act=detail&id=572,https://cdntwrunning.biji.co/300_f8ae173e78b71ed3dfa0641c8d242423.jpg
屋我尾山步道,臺中市和平區,中,5 小時,https://hiking.biji.co/index.php?q=trail&act=detail&id=268,https://cdntwrunning.biji.co/300_671727376ccb2a6a36cab0108d262f5d.jpg
五指山登山步道,新竹縣竹東鎮,低-中,4 小時,https://hiking.biji.co/index.php?q=trail&act=detail&id=243,https://cdntwrunning.biji.co/300_ced2978db0ba6066d6ce73cd6784e6604771913e59e070c120dc9aaf90910c58.jpg
波津加山步道,臺中市和平區,中,6 小時 20 分鐘,https://hiking.biji.co/index.php?q=trail&act=detail&id=271,https://cdntwrunning.biji.co/300_3da7a8792d15df5179defed68cac29df.jpg
大坑9-1、10號步道,臺中市北屯區,低,1 小時 20 分鐘,https://hiking.biji.co/index.php?q=trail&act=detail&id=851,https://cdntwrunning.biji.co/300_e521dc3c175a66130d98e08069b1f36b.jpg
紅樹林生態步道,新北市淡水區,低,12 分鐘,https://hiking.biji.co/index.php?q=trail&act=detail&id=173,https://cdntwrunning.biji.co/300_53e4a3769bcff1b9b35076d7270cca3972b017f709454373820ecdcfa99a7d22.jpg
大坑5號、5-1號步道(頭嵙山),臺中市北屯區,低-中,3 小時 20 分鐘,https://hiking.biji.co/index.php?q=trail&act=detail&id=848,https://cdntwrunning.biji.co/300_16c5bc1bb1a6797e20ad670332f803a5.jpg
紗帽山步道,臺北市北投區,低,1 小時 30 分鐘,https://hiking.biji.co/index.php?q=trail&act=detail&id=461,https://cdntwrunning.biji.co/300_10073b19ec6e31018878a3b129d461825f4952e2c8d6c87bce25998babe95bb8.jpg
鳳崎落日步道,"新竹縣新豐鄉,新竹縣竹北市",低,1 小時 40 分鐘,https://hiking.biji.co/index.php?q=trail&act=detail&id=537,https://cdntwrunning.biji.co/300_1acacdef50255020c0ea08b67180a307436aeca226330ff38aec21dd558c5391.jpg
慈母峰、普陀山步道,新北市平溪區,低,1 小時 40 分鐘,https://hiking.biji.co/index.php?q=trail&act=detail&id=121,https://cdntwrunning.biji.co/300_49476385a88093cb28090e4d87994ac38403aa86808bbc41a56324cc7578dba7.jpg
槓子寮砲台、槓子寮山步道(龍崗步道),"基隆市信義區,基隆市中正區",低,2 小時,https://hiking.biji.co/index.php?q=trail&act=detail&id=402,https://cdntwrunning.biji.co/300_20e07f0618dcbf70c63ccc5217dafb31cd284f14c04bcc0ad9cd40ec721df90a.jpg
貴子坑親山步道,台北市北投區,低,2 小時 30 分鐘,https://hiking.biji.co/index.php?q=trail&act=detail&id=65,https://cdntwrunning.biji.co/300_09f64699750556ca94f6ae295ed465e5950dc2b59556637456f02ba8860b9211.jpg
四獸山連走步道,臺北市信義區,低,1 小時 40 分鐘,https://hiking.biji.co/index.php?q=trail&act=detail&id=559,https://cdntwrunning.biji.co/300_4502f4409bc8f08e0d5d8808f3c156dd.jpg
金門太武山步道,"金門縣金沙鎮,金門縣金湖鎮",低,2 小時,https://hiking.biji.co/index.php?q=trail&act=detail&id=385,https://cdntwrunning.biji.co/300_30a6667c9e221fff4e8cabf737ef0ef966262b82403d83c98e387ac9e55f260b.jpg
霞喀羅國家步道,"新竹縣五峰鄉,新竹縣尖石鄉",中,10 小時,https://hiking.biji.co/index.php?q=trail&act=detail&id=238,https://cdntwrunning.biji.co/300_82214c9e32ac84e6afaa688d44e38ffcc09d872b0b7258debb18bebfb110c3d7.jpg
太麻里金針山木馬步道,臺東縣太麻里鄉,低,2 小時 30 分鐘,https://hiking.biji.co/index.php?q=trail&act=detail&id=340,https://cdntwrunning.biji.co/300_53225a9da83275d0436622353ee52d86bae74d7ff63ae066f37ffee85546a995.jpg
松蘿湖山徑,宜蘭縣大同鄉,中,7 小時,https://hiking.biji.co/index.php?q=trail&act=detail&id=427,https://cdntwrunning.biji.co/300_003cb7d75358c80173f14bdfde6c17fc2a1ca52399877fec64e89acf187dcde0.jpg
獅仔頭山登山步道,新北市新店區,低,2 小時 30 分鐘,https://hiking.biji.co/index.php?q=trail&act=detail&id=185,https://cdntwrunning.biji.co/300_ee0a1da0bd17a37df6608688e04dcd07d8d001e83027eb73adad4dd4fa9581c1.jpg
鹿林山步道,南投縣信義鄉,低,2 小時 10 分鐘,https://hiking.biji.co/index.php?q=trail&act=detail&id=297,https://cdntwrunning.biji.co/300_f07ba26d97f5dbf47010fef624c7c3c2fde401b0fa53a72bbbc951cc1f024ec0.jpg
高美濕地木棧道,台中市清水區,低,20 分鐘,https://hiking.biji.co/index.php?q=trail&act=detail&id=1160,https://cdntwrunning.biji.co/300_af44c5766dd3624ed520ec5f40c19ecf.jpg
羊稠森林步道,桃園市蘆竹區,低,2 小時,https://hiking.biji.co/index.php?q=trail&act=detail&id=480,https://cdntwrunning.biji.co/300_4397b556fe7a2c13039559a2c3d6dd17.jpg
碧湖親山步道(新福本坑),台北市內湖區,低,30 分鐘,https://hiking.biji.co/index.php?q=trail&act=detail&id=42,https://cdntwrunning.biji.co/300_6065b97f8cb20547c6cc8e16a223c4ed81eba0944c2895ec335f9653b02679a1.jpg
富陽自然生態步道,台北市大安區,低,1 小時,https://hiking.biji.co/index.php?q=trail&act=detail&id=494,https://cdntwrunning.biji.co/300_8cfbee3e750b1a48762f204a2ba2ea9b7f0dac1849b2da5ec88a707c2f5fc5d2.jpg
貓囒山步道,南投縣魚池鄉,低,2 小時,https://hiking.biji.co/index.php?q=trail&act=detail&id=448,https://cdntwrunning.biji.co/300_74737caa4fcc3ea749d3dfa9d00abfb344336deda53ddb0e75a35820c065d1e6.jpg
二格山登山步道(草湳線),新北市石碇區,低-中,3 小時,https://hiking.biji.co/index.php?q=trail&act=detail&id=135,https://cdntwrunning.biji.co/300_0186a6ace3839812764be72262bc809d.jpg
筆架山越嶺登山步道,"台北市文山區,新北市深坑區,新北市石碇區",中,7 小時,https://hiking.biji.co/index.php?q=trail&act=detail&id=51,https://cdntwrunning.biji.co/300_173f384aac335883cdde9501e5f2924f395e7bb106605dfdd46b5488f9b9003f.jpg
礁溪跑馬古道,"新北市坪林區,宜蘭縣頭城鎮,宜蘭縣礁溪鄉",低,2 小時 40 分鐘,https://hiking.biji.co/index.php?q=trail&act=detail&id=155,https://cdntwrunning.biji.co/300_93b0b3038ed093c72a106d4b8bdf38b4070ef62c95c3483c026edd9437da02ec.jpg
七星山主東峰苗圃線,臺北市北投區,低-中,2 小時 50 分鐘,https://hiking.biji.co/index.php?q=trail&act=detail&id=1169,https://cdntwrunning.biji.co/300_f65f444443d5c1c8218f5090f1622637.jpg
百拉卡公路人車分道,"臺北市北投區,新北市三芝區",低,1 小時 20 分鐘,https://hiking.biji.co/index.php?q=trail&act=detail&id=72,https://cdntwrunning.biji.co/300_7776185ec14b2d0c050333c0e7de78e17040588f00d843298acfa0c567797fa5.jpg
望龍埤環湖步道,宜蘭縣員山鄉,低,20 分鐘,https://hiking.biji.co/index.php?q=trail&act=detail&id=913,https://cdntwrunning.biji.co/300_e42c3b3f2c6ec78e8e22eaf4bc8d6ce6.jpg
大坑2號步道,臺中市北屯區,低-中,2 小時,https://hiking.biji.co/index.php?q=trail&act=detail&id=779,https://cdntwrunning.biji.co/300_cd568a2e540e5f6b5a964d1b603b2018.jpg
里龍山自然步道,"屏東縣獅子鄉,屏東縣牡丹鄉",中,7 小時,https://hiking.biji.co/index.php?q=trail&act=detail&id=336,https://cdntwrunning.biji.co/300_ea8e31a9c0705e9e0ffab7de9b7e26be00d03a19629a7c4bf4fac3db31da3c53.jpg
大安森林公園,臺北市大安區,低,45 分鐘,https://hiking.biji.co/index.php?q=trail&act=detail&id=1204,https://cdntwrunning.biji.co/300_c3195afff651440e5fcaf3c35edeb748.jpg
大社觀音山步道,高雄市大社區,低-中,3 小時,https://hiking.biji.co/index.php?q=trail&act=detail&id=602,https://cdntwrunning.biji.co/300_18fe323fcc11bc21a931901bdc2ac2fa.jpg
麟趾山步道,南投縣信義鄉,低,3 小時 40 分鐘,https://hiking.biji.co/index.php?q=trail&act=detail&id=298,https://cdntwrunning.biji.co/300_1193d0c9b815a897bc1182131e0b1487bf8264af5d0079a1ba0f7d6be3d217e5.jpg
塔山步道(大塔山),嘉義縣阿里山鄉,低-中,5 小時 10 分鐘,https://hiking.biji.co/index.php?q=trail&act=detail&id=316,https://cdntwrunning.biji.co/300_2b2ba448e38ecad52371184e4ba1d59ac7871dd779a13fbdc31bcf94062f9612.jpg
石牛山步道,"桃園市復興區,新竹縣關西鎮",低-中,2 小時 30 分鐘,https://hiking.biji.co/index.php?q=trail&act=detail&id=580,https://cdntwrunning.biji.co/300_d94366457b2e52b7af53e90b3dae0d72.jpg
中正山步道,臺北市北投區,低,3 小時,https://hiking.biji.co/index.php?q=trail&act=detail&id=64,https://cdntwrunning.biji.co/300_7b4ff2b100504fa1c59e0313f4945ad009236fb31ef6a334aa4768dce6a5a52b.jpg
觀霧瀑布步道,新竹縣五峰鄉,低-中,1 小時 30 分鐘,https://hiking.biji.co/index.php?q=trail&act=detail&id=235,https://cdntwrunning.biji.co/300_bb5a04d73dffbedb51222b4595a8cbba6e5753a8637c844dca524692ebbf4adc.jpg
小奇萊步道,"南投縣仁愛鄉,花蓮縣秀林鄉",低,2 小時,https://hiking.biji.co/index.php?q=trail&act=detail&id=456,https://cdntwrunning.biji.co/300_f4879dcb12aee61d39303dfc73dbd9c87f26775fda091c1e5df3e66e778436c3.jpg
忠勇山親山步道,台北市內湖區,低,50 分鐘,https://hiking.biji.co/index.php?q=trail&act=detail&id=44,https://cdntwrunning.biji.co/300_a940b171925be5300e092b2fb55a77afd79896edfcf9f889ef520b40a70374bb.jpg
頂湖環狀步道,台北市北投區,低,20 分鐘,https://hiking.biji.co/index.php?q=trail&act=detail&id=60,https://cdntwrunning.biji.co/300_b95e49831742e7fe926586bdf04f3c74f9a82e6f8f1d031e317987d9ebfe6e6c.jpg
海芋環狀步道,台北市北投區,低,20 分鐘,https://hiking.biji.co/index.php?q=trail&act=detail&id=58,https://cdntwrunning.biji.co/300_46b69a3d106b83d500d205ad5f3ccb25b6fa1307834306bc7bdab20c28eb7d37.jpg
旗后(後)山景觀步道,高雄市旗津區,低,20 分鐘,https://hiking.biji.co/index.php?q=trail&act=detail&id=326,https://cdntwrunning.biji.co/300_9ce3abe9742b57815f50af2d6399b1ddecea30426f77f83a6274cadf1fb09238.jpg
圓通寺登山步道(南勢角山),新北市中和區,低-中,4 小時,https://hiking.biji.co/index.php?q=trail&act=detail&id=106,https://cdntwrunning.biji.co/300_1012de62cf50d15fc78dbf007f1ab0cd3714f9bf7b3789230baf9aac1707f525.jpg
南雅地質步道(南雅奇岩),新北市瑞芳區,低,40 分鐘,https://hiking.biji.co/index.php?q=trail&act=detail&id=813,https://cdntwrunning.biji.co/300_9d2c1e948a8bc0a8f541ad5992be84a2.jpg
鵝公髻山步道,"新竹縣五峰鄉,苗栗縣南庄鄉",低-中,4 小時,https://hiking.biji.co/index.php?q=trail&act=detail&id=473,https://cdntwrunning.biji.co/300_85acad579cdc8c486f0ffd0368b1d94c7dc1b4c44fd5be6eae3a86ef3e53e256.jpg
東滿步道,桃園市復興區,低,3 小時 30 分鐘,https://hiking.biji.co/index.php?q=trail&act=detail&id=230,https://cdntwrunning.biji.co/300_17f51efb0d14168ac98a371c0062f913.jpeg
台灣山毛櫸步道,宜蘭縣大同鄉,低,3 小時,https://hiking.biji.co/index.php?q=trail&act=detail&id=380,https://cdntwrunning.biji.co/300_06011f084a8d606c1f18957a06683593ff0b130f14e68b69d27ca22ef6f8cb56.jpg
太極峽谷、竹山天梯步道,南投縣竹山鎮,低,3 小時,https://hiking.biji.co/index.php?q=trail&act=detail&id=776,https://cdntwrunning.biji.co/300_0c1a7340b029acf35d9aade7bcdeb6ab.jpg
蓬萊溪護魚步道,苗栗縣南庄鄉,低,1 小時 20 分鐘,https://hiking.biji.co/index.php?q=trail&act=detail&id=248,https://cdntwrunning.biji.co/300_7c74e19bdfbda47d9cb5a5a7488253516153d1a865218281eb6acbfff4ebbe5d.jpg
臺北大縱走第五段：捷運劍潭站至碧山巖（劍潭支線）,"臺北市中山區,臺北市士林區,臺北市內湖區",低-中,6 小時 30 分鐘,https://hiking.biji.co/index.php?q=trail&act=detail&id=1469,https://cdntwrunning.biji.co/300_a673d0dc82f2bd32096c02128484ce0d.jpg
大雪山森林遊樂區木馬古道,台中市和平區,低,1 小時 10 分鐘,https://hiking.biji.co/index.php?q=trail&act=detail&id=269,https://cdntwrunning.biji.co/300_828fc48a202ea6c4f2fbb4f9fd31fcd972bb8ab0db975b7ed1de189a8af8d5f9.jpg
旗尾山步道,高雄市旗山區,低-中,2 小時 30 分鐘,https://hiking.biji.co/index.php?q=trail&act=detail&id=597,https://cdntwrunning.biji.co/300_97afcaafc29972e7004085ca26201213.jpg
尾寮山登山步道,"高雄市茂林區,屏東縣三地門鄉",中,8 小時,https://hiking.biji.co/index.php?q=trail&act=detail&id=321,https://cdntwrunning.biji.co/300_2ad7325b39054da8e7be71a90e477e02c8565c1c2b48edaaff127d240dbe50b4.jpg
望古瀑布、嶺腳寮山登山步道,新北市平溪區,低,1 小時 10 分鐘,https://hiking.biji.co/index.php?q=trail&act=detail&id=487,https://cdntwrunning.biji.co/300_e287e09638ae9750978203e5b0266c6d0d50015adbd291d6cb927325aac20050.jpg
臺北大縱走第一段：關渡至二子坪,"臺北市北投區,新北市淡水區,新北市三芝區",低-中,7 小時 30 分鐘,https://hiking.biji.co/index.php?q=trail&act=detail&id=1465,https://cdntwrunning.biji.co/300_c6d486c218aabf7e8b7725823db1223d.jpg
咬人狗坑登山步道(三汀山),臺中市太平區,低,3 小時,https://hiking.biji.co/index.php?q=trail&act=detail&id=5,https://cdntwrunning.biji.co/300_43f763d90d42f1201850ae06ad5904dfd21d02df800d2337f95a94c7464a7835.jpg
五酒桶山、山鼻山步道,桃園市蘆竹區,低,2 小時,https://hiking.biji.co/index.php?q=trail&act=detail&id=534,https://cdntwrunning.biji.co/300_1169c1e249ffa967b612ffe7dbb34e1c6fb6a37c50c6802cf7a5ddd057d4ea78.jpg
觀音山、尖山(占山)登山步道,"新北市五股區,新北市八里區",低-中,3 小時 10 分鐘,https://hiking.biji.co/index.php?q=trail&act=detail&id=596,https://cdntwrunning.biji.co/300_492a4cf8e4d3b224e2f3803b410d164a.jpg
李崠山步道,新竹縣尖石鄉,低-中,1 小時 30 分鐘,https://hiking.biji.co/index.php?q=trail&act=detail&id=444,https://cdntwrunning.biji.co/300_1acaf5907ff9d3c9444632983fbdf2f7fc29169ca4fa209d8a0726943490d2b0.jpg
聚興山、新田登山步道,臺中市潭子區,低,2 小時,https://hiking.biji.co/index.php?q=trail&act=detail&id=592,https://cdntwrunning.biji.co/300_4813573122eae173200c860a05f3cc87.jpg
慕谷慕魚生態廊道,花蓮縣秀林鄉,低,4 小時 20 分鐘,https://hiking.biji.co/index.php?q=trail&act=detail&id=672,https://cdntwrunning.biji.co/300_8c328c5ef46d4af36ecd21985c239834.jpg
松羅步道,宜蘭縣大同鄉,低,3 小時,https://hiking.biji.co/index.php?q=trail&act=detail&id=372,https://cdntwrunning.biji.co/300_9e6d4b6b73d2566a8e116875e273b102021384f27162c8e2d19667e0203f3c02.jpg
福州山步道,台北市大安區,低,1 小時,https://hiking.biji.co/index.php?q=trail&act=detail&id=38,https://cdntwrunning.biji.co/300_2a456c859f83df958891c1d2cc0d129aa00e5439cf7f6a7a622286beb707402a.jpg
風擎步道(風櫃嘴至擎天崗),"臺北市士林區,新北市萬里區",低-中,3 小時 30 分鐘,https://hiking.biji.co/index.php?q=trail&act=detail&id=1276,https://cdntwrunning.biji.co/300_c09f479e1fb9ff80428e5e73ed74dbaa.jpg
新店獅頭山(小獅山)步道,新北市新店區,低,2 小時,https://hiking.biji.co/index.php?q=trail&act=detail&id=184,https://cdntwrunning.biji.co/300_b1e95f234b9922cc6f009cc4a9131172d7c85682343f478519bbee7469e56c33.jpg
溪洲山步道(福山巖登山步道),桃園市大溪區,低-中,3 小時 10 分鐘,https://hiking.biji.co/index.php?q=trail&act=detail&id=598,https://cdntwrunning.biji.co/300_29d639d13f31f7fc8a30a7c24922b554.jpg
大崗山步道,高雄市阿蓮區,低,2 小時 30 分鐘,https://hiking.biji.co/index.php?q=trail&act=detail&id=504,https://cdntwrunning.biji.co/300_57d0b27abf1a83eaafc554d2e3104bafd555e6c123c328fb3efbb4934138d5e8.jpg
茶壺山稜(黃金三稜),新北市瑞芳區,低-中,4 小時 50 分鐘,https://hiking.biji.co/index.php?q=trail&act=detail&id=823,https://cdntwrunning.biji.co/300_e5a60d63b2a9736a28a52e4ac66f1492.jpg
三角崙山登山步道,"新北市坪林區,宜蘭縣礁溪鄉",中,6 小時,https://hiking.biji.co/index.php?q=trail&act=detail&id=788,https://cdntwrunning.biji.co/300_2f6cb9b8fbe0774ed2544bea8b0adb96.jpg
知本國家森林遊樂區步道群,台東縣卑南鄉,低,5 小時,https://hiking.biji.co/index.php?q=trail&act=detail&id=343,https://cdntwrunning.biji.co/300_80f3c1f1b01a84674b171797f560ecc7.jpg
百吉林蔭步道,桃園市大溪區,低,50 分鐘,https://hiking.biji.co/index.php?q=trail&act=detail&id=519,https://cdntwrunning.biji.co/300_1bf7f1d1b779d16f11d9b8bb25593dee35aa76cb2879b7ab23369c1be136d31f.jpg
雲森瀑布步道,新北市三峽區,低,1 小時 30 分鐘,https://hiking.biji.co/index.php?q=trail&act=detail&id=422,https://cdntwrunning.biji.co/300_cd6b3609636288daa8585df5ea7382acdd43e4358e73579f36850a3e26ee856e.jpg
忠義山親山步道,台北市北投區,低,2 小時 5 分鐘,https://hiking.biji.co/index.php?q=trail&act=detail&id=62,https://cdntwrunning.biji.co/300_652f78c11c143ee88aa1309306530f00795e75ece3e9de9691b9e315f0a2471b.jpg
北插天山登山步道,"新北市烏來區,新北市三峽區,桃園市復興區",中,8 小時,https://hiking.biji.co/index.php?q=trail&act=detail&id=412,https://cdntwrunning.biji.co/300_07c977528170828fa99f239121ac4be6e9ca6688cf1cdbbd085110ac20a72d18.jpg
瓦拉米步道,花蓮縣卓溪鄉,低-中,10 小時,https://hiking.biji.co/index.php?q=trail&act=detail&id=359,https://cdntwrunning.biji.co/300_01a9d668856ec1623987aeea37db76ae4f4813054d7c46c54fc5c5c52740e57d.jpg
大霸群峰登山步道(大鹿林道線),"新竹縣尖石鄉,苗栗縣泰安鄉",中-高,3 天,https://hiking.biji.co/index.php?q=trail&act=detail&id=242,https://cdntwrunning.biji.co/300_e0be7082dea42849097b7dbbbc9f2c5d8b48b92976c5a10e6f26c588fd2f55f4.jpg
最南點步道,屏東縣恆春鄉,低,20 分鐘,https://hiking.biji.co/index.php?q=trail&act=detail&id=331,https://cdntwrunning.biji.co/300_5f2f9ca19808320988eb2a878238a8138e2c7fb05338bd0df6f830368594bd38.jpg
圓覺寺步道,臺北市內湖區,低-中,4 小時 20 分鐘,https://hiking.biji.co/index.php?q=trail&act=detail&id=436,https://cdntwrunning.biji.co/300_53a79fc0143e96ce30d2bccfc4b36e0ab26d49afed538ac1314ad8e3fc164311.jpg
旭海草原步道,屏東縣牡丹鄉,低,2 小時,https://hiking.biji.co/index.php?q=trail&act=detail&id=527,https://cdntwrunning.biji.co/300_2143575be41da2853077421e29a0f70930ee094e73beef5c97f6559e8b363b97.jpg
北得拉曼巨木步道,新竹縣尖石鄉,中,5 小時,https://hiking.biji.co/index.php?q=trail&act=detail&id=239,https://cdntwrunning.biji.co/300_fb7e7f8d79e199606fef38c2d59f3188967a3177be42935e12817ea2d5256110.jpg
紅淡山步道,基隆市仁愛區,低,1 小時 55 分鐘,https://hiking.biji.co/index.php?q=trail&act=detail&id=477,https://cdntwrunning.biji.co/300_2ae78e8eb60e727f329a4c460f20c06ebe8c2fcc028eb11b936ad363eea2004b.jpg
白鷺鷥山親山步道,台北市內湖區,低,1 小時,https://hiking.biji.co/index.php?q=trail&act=detail&id=46,https://cdntwrunning.biji.co/300_483a06bbd9f26ead2cf7abd875c707ab56f818c6e14c5b55a8708d74c09befaa.jpg
臺北大縱走第三段：小油坑至風櫃口,"臺北市士林區,臺北市北投區,新北市萬里區,新北市金山區",低-中,7 小時 30 分鐘,https://hiking.biji.co/index.php?q=trail&act=detail&id=1467,https://cdntwrunning.biji.co/300_4c2efbea23339ac20a6831042a2ec149.jpg
大坑6、7號步道,"臺中市北屯區,臺中市潭子區",低,2 小時,https://hiking.biji.co/index.php?q=trail&act=detail&id=506,https://cdntwrunning.biji.co/300_b8ffe8a7075718495cb7d8b52ba04192df08dca326af563892ef1497b32cf51d.jpg
臺北大縱走第六段：中華科技大學至捷運麟光站,"臺北市大安區,臺北市信義區,臺北市南港區,臺北市文山區",低-中,5 小時 30 分鐘,https://hiking.biji.co/index.php?q=trail&act=detail&id=1470,https://cdntwrunning.biji.co/300_14cb13599d8d085868020e5819bdfc3e.jpg
硫磺谷步道,台北市北投區,低,30 分鐘,https://hiking.biji.co/index.php?q=trail&act=detail&id=465,https://cdntwrunning.biji.co/300_a93fd2492901ef9d73694b5693a57afd9fe6d78cfd9078ae7fb42c629eb726ac.jpg
八通關雲龍瀑布步道,南投縣信義鄉,低,5 小時,https://hiking.biji.co/index.php?q=trail&act=detail&id=295,https://cdntwrunning.biji.co/300_c046b2af40596282a2aa2bace205c58345a6e138e22a84d906dd21f96ca80607.jpg
鐵砧山登山步道,"臺中市大甲區,臺中市外埔區",低,1 小時,https://hiking.biji.co/index.php?q=trail&act=detail&id=595,https://cdntwrunning.biji.co/300_2e8af0554e4f99605f108cafe8464f42.jpg
大坑3號步道,臺中市北屯區,低-中,2 小時,https://hiking.biji.co/index.php?q=trail&act=detail&id=847,https://cdntwrunning.biji.co/300_7abef7761caff4fa734ef5acb6492228.jpg
鳩之澤自然步道,宜蘭縣大同鄉,低,1 小時,https://hiking.biji.co/index.php?q=trail&act=detail&id=371,https://cdntwrunning.biji.co/300_82649cd9c7e71637f6767aa7b5c479d5.jpg
臺北大縱走第二段：二子坪至小油坑,"臺北市北投區,新北市淡水區,新北市三芝區",低-中,6 小時 30 分鐘,https://hiking.biji.co/index.php?q=trail&act=detail&id=1466,https://cdntwrunning.biji.co/300_402bf9b512f47c16bb86765b41d720aa.jpg
溪頭天文台登山步道,南投縣鹿谷鄉,低,3 小時 40 分鐘,https://hiking.biji.co/index.php?q=trail&act=detail&id=489,https://cdntwrunning.biji.co/300_ee4602e7a0ebf32cb3784292d971aac87233d2a5cab5eff5bcce6fd72b7bb489.jpg
稍來山步道,臺中市和平區,低-中,3 小時,https://hiking.biji.co/index.php?q=trail&act=detail&id=1383,https://cdntwrunning.biji.co/300_3f2bc6032bf091b5a65f0ca356627743.jpg
寶山水庫環湖步道,新竹縣寶山鄉,低,1 小時,https://hiking.biji.co/index.php?q=trail&act=detail&id=246,https://cdntwrunning.biji.co/300_3e2856f4ab2f0395be4e340d48443038dba8a779c451f86bfbdfc0461fc338a3.jpg
金字碑(三貂嶺)古道,新北市瑞芳區,低,1 小時 20 分鐘,https://hiking.biji.co/index.php?q=trail&act=detail&id=200,https://cdntwrunning.biji.co/300_6baf19e1e313c3d47a4f3ce08513e4eb9807886ceca4784b33338d6b15474584.jpg
角板山公園步道,桃園市復興區,低,20 分鐘,https://hiking.biji.co/index.php?q=trail&act=detail&id=1235,https://cdntwrunning.biji.co/300_736a5d9e6867f5816da4c46f1e77f9ea.jpg
杉林溪台灣杜鵑步道,南投縣竹山鎮,低,50 分鐘,https://hiking.biji.co/index.php?q=trail&act=detail&id=293,https://cdntwrunning.biji.co/300_a79c6eb9e63c54b9653f0c1e8d27dfc4a71ccd3483ffbd0df1af54cc43e46748.jpg
大坑1號步道,臺中市北屯區,低,2 小時,https://hiking.biji.co/index.php?q=trail&act=detail&id=778,https://cdntwrunning.biji.co/300_af20a92e180fa1ed879ac9e0fd6b3e52.jpg
檜山巨木森林步道,新竹縣五峰鄉,低-中,2 小時,https://hiking.biji.co/index.php?q=trail&act=detail&id=236,https://cdntwrunning.biji.co/300_4f6ae4e954a7c3cb6be681088fbad7c87d8486e517ed7099cdccd88211b3a117.jpg
小琉球山豬溝步道,屏東縣琉球鄉,低,30 分鐘,https://hiking.biji.co/index.php?q=trail&act=detail&id=334,https://cdntwrunning.biji.co/300_f15b86173430f3b7c4871c646b26553ff9bd61e9798d9a30c8ca981fe732c937.jpg
杉林溪穿林棧道,南投縣竹山鎮,低,35 分鐘,https://hiking.biji.co/index.php?q=trail&act=detail&id=1007,https://cdntwrunning.biji.co/300_112e76fb552f40ae533e626a7d8ba783.jpg
草嶺古道(官方指南),"新北市貢寮區,宜蘭縣頭城鎮",低,3 小時,https://hiking.biji.co/index.php?q=trail&act=detail&id=1452,https://cdntwrunning.biji.co/300_dfb5b8d6cb866511ddbf6012ff4be922.jpg
象山北星寶宮步道,台北市信義區,低,2 小時,https://hiking.biji.co/index.php?q=trail&act=detail&id=438,https://cdntwrunning.biji.co/300_edd1fd453d036528c527096aced05a90872262b57a8498a77009493d34ab53c2.jpg
林梢步道,新北市五股區,低,20 分鐘,https://hiking.biji.co/index.php?q=trail&act=detail&id=107,https://cdntwrunning.biji.co/300_520a637644caf88aafe0d35d02df6ef78a33527f4dfc0efc30cca0ec1466b8ef.jpg
指南茶路親山步道,"台北市文山區,新北市新店區",低,2 小時,https://hiking.biji.co/index.php?q=trail&act=detail&id=52,https://cdntwrunning.biji.co/300_d54ade5ff033e4aab4e898574600439645d4539df1acc14277a43ee61122d807.jpg
燦光寮登山步道,新北市瑞芳區,低-中,3 小時 20 分鐘,https://hiking.biji.co/index.php?q=trail&act=detail&id=189,https://cdntwrunning.biji.co/300_54c0a41c18c6906fa1c8296bca8cb775291576d5cf84bf6d759ee08f6edccbd0.jpg
涼山瀑布步道,屏東縣瑪家鄉,低,1 小時 40 分鐘,https://hiking.biji.co/index.php?q=trail&act=detail&id=337,https://cdntwrunning.biji.co/300_5f79e6ed940d00e754610ad48f2cc8b3f15c7f2d4016b706f10bfc05b0eae813.jpg
更寮古道(土庫岳),"臺北市南港區,新北市深坑區",低,1 小時 50 分鐘,https://hiking.biji.co/index.php?q=trail&act=detail&id=81,https://cdntwrunning.biji.co/300_c03efe23db970b919f6372aca5f5fe3251ba5beb91265541ec11554db92ed519.jpg
林田山林業文化園區、森坂步道,"花蓮縣鳳林鎮,花蓮縣萬榮鄉",低,1 小時 10 分鐘,https://hiking.biji.co/index.php?q=trail&act=detail&id=860,https://cdntwrunning.biji.co/300_d6c9585a7841d765f4ba1723f2c56019.jpg
灣坑頭山步道,"新北市貢寮區,宜蘭縣頭城鎮",低,2 小時 10 分鐘,https://hiking.biji.co/index.php?q=trail&act=detail&id=460,https://cdntwrunning.biji.co/300_705605c4defa9edde5cc15d4ba0216bfc0a58d1b7819eece7f212c09126564f0.jpg
水社大山登山步道,"南投縣魚池鄉,南投縣信義鄉",中,8 小時,https://hiking.biji.co/index.php?q=trail&act=detail&id=426,https://cdntwrunning.biji.co/300_ac3f8bba18eefa3742b340ea7b653570065793c5711fd15d08b09d4073a9f4bc.jpg
新寮瀑布步道,宜蘭縣冬山鄉,低,1 小時,https://hiking.biji.co/index.php?q=trail&act=detail&id=376,https://cdntwrunning.biji.co/300_4fc45186b4f4035bcf057c279405466dd3e9fa8624fbe299808b10db49556d5e.jpg
小觀音山群峰步道,"臺北市北投區,新北市三芝區",中,6 小時,https://hiking.biji.co/index.php?q=trail&act=detail&id=605,https://cdntwrunning.biji.co/300_265794ed8ebc09a4bbdf64083e280dea.jpg
鳴鳳古道,"苗栗縣獅潭鄉,苗栗縣頭屋鄉",低,1 小時 30 分鐘,https://hiking.biji.co/index.php?q=trail&act=detail&id=503,https://cdntwrunning.biji.co/300_e1336355886caa733bd54adf6c03f06c0ff7be05d706a9db21c530926b419afc.jpg
臺北大縱走第七段：世界山莊至飛龍步道政大後山,臺北市文山區,低-中,5 小時 30 分鐘,https://hiking.biji.co/index.php?q=trail&act=detail&id=1471,https://cdntwrunning.biji.co/300_6d76f2cf09ad5c62c49aa55da94b351c.jpg
玉山前峰登山山徑,"南投縣信義鄉,嘉義縣阿里山鄉",低-中,4 小時 30 分鐘,https://hiking.biji.co/index.php?q=trail&act=detail&id=1047,https://cdntwrunning.biji.co/300_a45454b7c2a7042b404b5f518a87922d.jpg
高台山連走島田山山徑(高島縱走),新竹縣尖石鄉,中,6 小時,https://hiking.biji.co/index.php?q=trail&act=detail&id=240,https://cdntwrunning.biji.co/300_3ea9183d4428599e2afce21f6fc0173f5a3f98ece5b2d592cfa4a073ad44433c.jpg
梅峰古道,臺南市楠西區,低,2 小時,https://hiking.biji.co/index.php?q=trail&act=detail&id=396,https://cdntwrunning.biji.co/300_1320a6daf4418e25876ad1c0b18ff8365df90ba2c66e3a34ee4936de30e2b798.jpg
楓櫃斗湖步道,"新北市五股區,新北市八里區",低,1 小時 15 分鐘,https://hiking.biji.co/index.php?q=trail&act=detail&id=83,https://cdntwrunning.biji.co/300_02acda779f8628bc55f657bcf9548197.jpg
暖東峽谷步道,基隆市暖暖區,低,3 小時,https://hiking.biji.co/index.php?q=trail&act=detail&id=599,https://cdntwrunning.biji.co/300_bf29b7df7a996a2d53ece8639d6c4c35.jpg
崁頭山步道,臺南市東山區,低-中,1 小時 30 分鐘,https://hiking.biji.co/index.php?q=trail&act=detail&id=319,https://cdntwrunning.biji.co/300_10f8a094186336a2d55b32c0ed4ee6abbbd7ae3f3a6b4664a68d025ad6fee1ee.jpg
七星公園步道,"臺北市士林區,臺北市北投區",低,1 小時 35 分鐘,https://hiking.biji.co/index.php?q=trail&act=detail&id=1353,https://cdntwrunning.biji.co/300_caffb157c3b5a507beb856e773f8fce5.jpg
金柑樹山、忘憂森林步道,"南投縣信義鄉,南投縣竹山鎮",低-中,4 小時 10 分鐘,https://hiking.biji.co/index.php?q=trail&act=detail&id=582,https://cdntwrunning.biji.co/300_cbb74cd12d90ee8081a328212dd54286.jpg
武陵四秀登山步道,"新竹縣尖石鄉,臺中市和平區,宜蘭縣大同鄉",中-高,3 天,https://hiking.biji.co/index.php?q=trail&act=detail&id=540,https://cdntwrunning.biji.co/300_591c885e8f25db1e59d19000c2c23a63598e468887fff1a7df3d7386d501ecad.jpg
情人湖環山步道、老鷹岩,"基隆市中山區,基隆市安樂區",低,1 小時 30 分鐘,https://hiking.biji.co/index.php?q=trail&act=detail&id=1626,https://cdntwrunning.biji.co/300_db305fd8e54f52fcefaae2821e2d0d97.jpg
新竹青青草原步道,新竹市香山區,低,2 小時,https://hiking.biji.co/index.php?q=trail&act=detail&id=526,https://cdntwrunning.biji.co/300_ee187b38862b00f3a106b4e674d9d2f5a02440dc7ce111b2f23b675bf588b5d5.jpg
雙流國家森林遊樂區步道群,屏東縣獅子鄉,低,所需時間,https://hiking.biji.co/index.php?q=trail&act=detail&id=335,https://cdntwrunning.biji.co/300_8bf21a4fd86142043da1e17a6c591e5c.jpg
桃山登山山徑,"新竹縣尖石鄉,臺中市和平區",中,2 天,https://hiking.biji.co/index.php?q=trail&act=detail&id=429,https://cdntwrunning.biji.co/300_15ce61d90c089c064ae0cbbeac0f6de943369747fce3b1ba9eb168c7376c4ee9.jpg
內鳥嘴山、北得拉曼步道,"桃園市復興區,新竹縣尖石鄉",中,5 小時 45 分鐘,https://hiking.biji.co/index.php?q=trail&act=detail&id=728,https://cdntwrunning.biji.co/300_cde50637eb9b1ea24055dae068222f7e.jpg
鳳凰谷鳥園生態園區,南投縣鹿谷鄉,低,2 小時 5 分鐘,https://hiking.biji.co/index.php?q=trail&act=detail&id=842,https://cdntwrunning.biji.co/300_a4043fe8d0d62151971f68721eed3c7d.jpg
榛山登山步道,"新竹縣五峰鄉,苗栗縣泰安鄉",低-中,4 小時,https://hiking.biji.co/index.php?q=trail&act=detail&id=237,https://cdntwrunning.biji.co/300_876800c1446925746b11c9d1cbdc6b81cc61fcb3e3b014f610f9deecbd25c557.jpg
花蓮鯉魚山步道群,花蓮縣壽豐鄉,低,3 小時 35 分鐘,https://hiking.biji.co/index.php?q=trail&act=detail&id=365,https://cdntwrunning.biji.co/300_5804f2ae8b588f4835cc48ad7bb18593366902fa0728b236077d23c5a88be4c2.jpg
橫山步道,"彰化縣社頭鄉,南投縣南投市,南投縣名間鄉",低,2 小時 30 分鐘,https://hiking.biji.co/index.php?q=trail&act=detail&id=432,https://cdntwrunning.biji.co/300_7197aff8c49736f24014f07fd19ad3c738c45902be3380665e2eb0abe728dcaa.jpg
奇萊主山、奇萊北峰步道(奇萊主北),"南投縣仁愛鄉,花蓮縣秀林鄉",中-高,2 天,https://hiking.biji.co/index.php?q=trail&act=detail&id=542,https://cdntwrunning.biji.co/300_a183ea5912b5bb4da8a5ef7c2ffb41837157bcf3bbfa3735e7adebf803b5c4bf.jpg
龍洞灣岬步道,新北市貢寮區,低,1 小時,https://hiking.biji.co/index.php?q=trail&act=detail&id=564,https://cdntwrunning.biji.co/300_f74348bc1b24b72bc9f4ea73078ee95a.jpg
郡大山、望鄉山登山步道,南投縣信義鄉,低-中,5 小時,https://hiking.biji.co/index.php?q=trail&act=detail&id=500,https://cdntwrunning.biji.co/300_2b058859805379ce281199ad4d1cb56a.jpg
松柏嶺登廟步道,彰化縣二水鄉,低,50 分鐘,https://hiking.biji.co/index.php?q=trail&act=detail&id=276,https://cdntwrunning.biji.co/300_bd7cf39b6dcd4f1e2713a052309fb0050169ebcf7f65253f91e1b636f1ace38d.jpg
加羅湖山徑,宜蘭縣大同鄉,中,2 天,https://hiking.biji.co/index.php?q=trail&act=detail&id=411,https://cdntwrunning.biji.co/300_3de7a492fc0d6d4efe02f6faec4d01a95fbbb703902ba33654caa4eb0b98d6a2.jpg
笠頂山步道,屏東縣瑪家鄉,低,2 小時 30 分鐘,https://hiking.biji.co/index.php?q=trail&act=detail&id=557,https://cdntwrunning.biji.co/300_1e93836310e873c6c60ff3ab228d072f.jpg
虎山步道,苗栗縣泰安鄉,中,5 小時,https://hiking.biji.co/index.php?q=trail&act=detail&id=471,https://cdntwrunning.biji.co/300_b364fc12acf38fd7926cadda1772df200daeb42990cb8c29f79d28c3c2657014.jpg
出關古道：聖關段(關刀山步道),"苗栗縣大湖鄉,苗栗縣三義鄉",低,1 小時 30 分鐘,https://hiking.biji.co/index.php?q=trail&act=detail&id=415,https://cdntwrunning.biji.co/300_cf70191cc96b7a2413da5359ccd0254e51dc0aa6ab8bd86d0a40e3beaa737f50.jpg
水漾森林、鹿屈山,嘉義縣阿里山鄉,中,2 天,https://hiking.biji.co/index.php?q=trail&act=detail&id=674,https://cdntwrunning.biji.co/300_1b731465f42be552663bd7ba80853566.jpg
猴山岳登山步道,"台北市文山區,新北市深坑區",低-中,1 小時 40 分鐘,https://hiking.biji.co/index.php?q=trail&act=detail&id=133,https://cdntwrunning.biji.co/300_8c8906abd3e5db8f893737700ad32518.jpg
舊鐵橋天空步道,高雄市大樹區,低,40 分鐘,https://hiking.biji.co/index.php?q=trail&act=detail&id=468,https://cdntwrunning.biji.co/300_7c1d21d8eff946f8e96e48dae4cc1a8ee2db9c641bcad509af915f5f91e62431.jpg
阿里山頂湖步道,嘉義縣阿里山鄉,低,50 分鐘,https://hiking.biji.co/index.php?q=trail&act=detail&id=969,https://cdntwrunning.biji.co/300_61daeff8bd851ab3aeae42f9e795f98b.jpg
迷糊步道,嘉義縣阿里山鄉,低,1 小時,https://hiking.biji.co/index.php?q=trail&act=detail&id=484,https://cdntwrunning.biji.co/300_176b96070f3b8d3a3bfcf2b8b261a31a13d9ce2083c87bff9793515f19175ff6.jpg
頂石棹步道群,嘉義縣阿里山鄉,低,3 小時 30 分鐘,https://hiking.biji.co/index.php?q=trail&act=detail&id=457,https://cdntwrunning.biji.co/300_425fd0a15bb306d8ba04dc44da8e967d2fb65f2d154a8a12fad3584061702201.jpg
捎來步道,台中市和平區,低,1 小時,https://hiking.biji.co/index.php?q=trail&act=detail&id=1472,https://cdntwrunning.biji.co/300_5fc0f8a7d2dac68bb48235f3db4da261.jpg
九寮溪自然步道,宜蘭縣大同鄉,低-中,3 小時 30 分鐘,https://hiking.biji.co/index.php?q=trail&act=detail&id=369,https://cdntwrunning.biji.co/300_87634c158ecbd7aee91b0b381d669591a0830afd0d147bbd708175db222dadb8.jpg
綠水步道,花蓮縣秀林鄉,低,1 小時,https://hiking.biji.co/index.php?q=trail&act=detail&id=354,https://cdntwrunning.biji.co/300_f5b33734f921ff4f9f8f74d37beb0eeb483522e636ddd0ea23ee71f5e036d46e.jpg
劍龍稜步道(黃金五稜),新北市瑞芳區,中,4 小時 5 分鐘,https://hiking.biji.co/index.php?q=trail&act=detail&id=662,https://cdntwrunning.biji.co/300_10585dcac2d4482a7e54789b3c577afc.jpg
大肚萬里長城步道,台中市大肚區,低,1 小時 10 分鐘,https://hiking.biji.co/index.php?q=trail&act=detail&id=693,https://cdntwrunning.biji.co/300_0358673ad0f680a5ea0b0dd254e49051.jpg
臺北大縱走第四段：風櫃口至中華科技大學,"臺北市士林區,臺北市內湖區",低-中,7 小時 30 分鐘,https://hiking.biji.co/index.php?q=trail&act=detail&id=1468,https://cdntwrunning.biji.co/300_4b3553c33cd70d4ab46cdcfff4f697ca.jpg
碧山巖步道,台北市內湖區,低,20 分鐘,https://hiking.biji.co/index.php?q=trail&act=detail&id=1270,https://cdntwrunning.biji.co/300_72373fedb9317896a5ace1af70d2517b.jpg
桃源谷步道(石觀音線),"新北市貢寮區,宜蘭縣頭城鎮",低-中,3 小時 50 分鐘,https://hiking.biji.co/index.php?q=trail&act=detail&id=863,https://cdntwrunning.biji.co/300_5fbbe9dd8a2d6a92678d255e2be1281e.jpg
溪頭沿溪步道,南投縣鹿谷鄉,低,40 分鐘,https://hiking.biji.co/index.php?q=trail&act=detail&id=493,https://cdntwrunning.biji.co/300_74f3af871bd064b9d81f127db74fd0b26dfaf11ac2d39d0211e8516990e21dbf.jpg
長春祠步道,花蓮縣秀林鄉,低-中,1 小時 10 分鐘,https://hiking.biji.co/index.php?q=trail&act=detail&id=831,https://cdntwrunning.biji.co/300_3d5e87004dd3251d1c65d3568991deca.jpg
打鐵寮古道,桃園市大溪區,低,3 小時,https://hiking.biji.co/index.php?q=trail&act=detail&id=222,https://cdntwrunning.biji.co/300_dd059cc1ab87e601667f1c70e0ed2008e356d89503c6ade3f23aaa580eea428b.jpg
南港山攀岩步道,"臺北市信義區,臺北市南港區",中,5 小時,https://hiking.biji.co/index.php?q=trail&act=detail&id=77,https://cdntwrunning.biji.co/300_9d2d101fe262c48d0096571db9d12f47be997b23dda7c0142f7f94c6ee697c48.jpg
萬人山、六十石山步道群,花蓮縣富里鄉,低,1 小時 40 分鐘,https://hiking.biji.co/index.php?q=trail&act=detail&id=361,https://cdntwrunning.biji.co/300_561a85f4f9b954d0971285d492ad8be3e936ae608eb220d1b6ce2d7f436eae1c.jpg
峨眉湖環湖步道,新竹縣峨眉鄉,低,40 分鐘,https://hiking.biji.co/index.php?q=trail&act=detail&id=894,https://cdntwrunning.biji.co/300_5c887e479d899c351e3ca0842e8baa8c.jpg
嘉南雲峰、石壁山登山步道,"南投縣竹山鎮,雲林縣古坑鄉,嘉義縣阿里山鄉",低-中,4 小時 10 分鐘,https://hiking.biji.co/index.php?q=trail&act=detail&id=801,https://cdntwrunning.biji.co/300_8cd5396ebaa8d00513799ad7bac37bf6.jpg
白石湖吊橋、春秋步道,台北市內湖區,低,25 分鐘,https://hiking.biji.co/index.php?q=trail&act=detail&id=1273,https://cdntwrunning.biji.co/300_c20b59238cb7fe4f484f36391caff6ed.jpg
南湖群峰登山步道,"臺中市和平區,宜蘭縣南澳鄉,花蓮縣秀林鄉",高,4 天,https://hiking.biji.co/index.php?q=trail&act=detail&id=547,https://cdntwrunning.biji.co/300_3c39f355bf8e6461c6222f5b64e4e652.jpg
東埔彩虹步道,南投縣信義鄉,低,2 小時,https://hiking.biji.co/index.php?q=trail&act=detail&id=296,https://cdntwrunning.biji.co/300_43af61d428de07a30792bef171ff5554c74a7f9b041fb37fbbbdff9d07538346.jpg
金瓜寮魚蕨步道,新北市坪林區,低,1 小時 20 分鐘,https://hiking.biji.co/index.php?q=trail&act=detail&id=150,https://cdntwrunning.biji.co/300_dffb8e3a4bb681b0b13ce1158caa7405d939886b46f67636d65238a2a3268ebe.jpg
地熱谷步道、北投溫泉步道,台北市北投區,低,40 分鐘,https://hiking.biji.co/index.php?q=trail&act=detail&id=1136,https://cdntwrunning.biji.co/300_8192be743fd9aada7bf51b2ffd24176c.jpg
陽明山東段縱走,"臺北市士林區,臺北市北投區,新北市萬里區,新北市金山區",低-中,6 小時,https://hiking.biji.co/index.php?q=trail&act=detail&id=1113,https://cdntwrunning.biji.co/300_2ad1d4e137d32cbb0a1367e474bcc2a7.jpg
貓貍山公園、功維敘隧道,苗栗縣苗栗市,低,50 分鐘,https://hiking.biji.co/index.php?q=trail&act=detail&id=957,https://cdntwrunning.biji.co/300_60c4e8f47c4950d4af2da7d810314509.jpg
赤科山步道,花蓮縣玉里鎮,低,2 小時,https://hiking.biji.co/index.php?q=trail&act=detail&id=352,https://cdntwrunning.biji.co/300_d276d56bebfd556f3bea10677a8ac0372ea35ddfbed952c001d9172e90855d69.jpg
朝陽步道,宜蘭縣蘇澳鎮,低,1 小時 30 分鐘,https://hiking.biji.co/index.php?q=trail&act=detail&id=383,https://cdntwrunning.biji.co/300_0c9f9e380d05216818cb6a6b7e0d7b2ca3c369eba826692d1d84eedafe270c1b.jpg
南仁山生態步道,屏東縣滿州鄉,低,3 小時,https://hiking.biji.co/index.php?q=trail&act=detail&id=12,https://cdntwrunning.biji.co/300_241a451d4bbd6d6781faca469a8b7398dc5557ae07ae9e782e76f7961d11161e.jpg
塔曼山登山步道,"新北市烏來區,桃園市復興區",低-中,5 小時,https://hiking.biji.co/index.php?q=trail&act=detail&id=615,https://cdntwrunning.biji.co/300_8c500b93662c2e37ceda90e616cec814.jpg
二沙灣砲台步道(海門天險),基隆市中正區,低,30 分鐘,https://hiking.biji.co/index.php?q=trail&act=detail&id=403,https://cdntwrunning.biji.co/300_9f2cbb87c6cdd4b4032f569fa7ff29997e5549b938ba2fa20604b000f667110a.jpg
半平(屏)山登山步道,新北市瑞芳區,低,50 分鐘,https://hiking.biji.co/index.php?q=trail&act=detail&id=424,https://cdntwrunning.biji.co/300_c99a3c03de866db1a37b085aa517d61640bb012cd5e4d306d83375b814ced5b9.jpg
溪頭鳳凰山步道,南投縣鹿谷鄉,低-中,6 小時 10 分鐘,https://hiking.biji.co/index.php?q=trail&act=detail&id=695,https://cdntwrunning.biji.co/300_03067aa4f3ad074fd0cbece02b9c7f95.jpg
狗殷勤古道,台北市士林區,低,1 小時 10 分鐘,https://hiking.biji.co/index.php?q=trail&act=detail&id=32,https://cdntwrunning.biji.co/300_0143de2ad8096eec0c9082f472d6c124f44ecca17be58a163794c240268a52ff.jpg
奮起湖杉林木棧道,嘉義縣竹崎鄉,低,50 分鐘,https://hiking.biji.co/index.php?q=trail&act=detail&id=1145,https://cdntwrunning.biji.co/300_631a5235396cd8459d7a6465b4ec459f.jpg
挑水古道,彰化縣芬園鄉,低,1 小時 5 分鐘,https://hiking.biji.co/index.php?q=trail&act=detail&id=284,https://cdntwrunning.biji.co/300_e09f3597ba67364da8905dc76eff7de32b8b33403295f169a7c8ad9841b1a526.jpg
南觀音山步道,臺中市北屯區,低,1 小時 10 分鐘,https://hiking.biji.co/index.php?q=trail&act=detail&id=594,https://cdntwrunning.biji.co/300_a166d4906a4bf2522ba6bae9ef739e51.jpg
梨子腳山步道,嘉義縣梅山鄉,低,1 小時 5 分鐘,https://hiking.biji.co/index.php?q=trail&act=detail&id=583,https://cdntwrunning.biji.co/300_75b68f7d43dd78edf14023446638d43b.jpg
大學池木屑步道,南投縣鹿谷鄉,低,20 分鐘,https://hiking.biji.co/index.php?q=trail&act=detail&id=1130,https://cdntwrunning.biji.co/300_eee0dac105aa7815f071a0a6a2d01ebc.jpg
雲潭瀑布步道,嘉義縣梅山鄉,低,45 分鐘,https://hiking.biji.co/index.php?q=trail&act=detail&id=317,https://cdntwrunning.biji.co/300_29ce61dba81a1d3e2bdca3811b677d80.jpg
壽山、泰國谷、一簾幽夢步道,高雄市鼓山區,低-中,3 小時,https://hiking.biji.co/index.php?q=trail&act=detail&id=1366,https://cdntwrunning.biji.co/300_fb8c9c7b2f8f825a24e0b8ab754657bc.jpg
鳥嘴山登山步道(上島山),苗栗縣泰安鄉,低-中,4 小時 30 分鐘,https://hiking.biji.co/index.php?q=trail&act=detail&id=254,https://cdntwrunning.biji.co/300_62b7e08ce3391a66b448094c074207b6219fcf7bb354390aab0be36e2f466b8c.jpg
畢祿山登山山徑,"南投縣仁愛鄉,花蓮縣秀林鄉",中,12 小時,https://hiking.biji.co/index.php?q=trail&act=detail&id=535,https://cdntwrunning.biji.co/300_85fd41438082b40c99213b684f11b28f2e41d969c0eb82faa0995674c6043ae3.jpg
水車寮步道,台北市北投區,低,20 分鐘,https://hiking.biji.co/index.php?q=trail&act=detail&id=63,https://cdntwrunning.biji.co/300_5cba77b80fbad337692be8e24169950fc88050b4d0011dc005ac804d88351020.jpg
台北植物園步道,台北市中正區,低,所需時間,https://hiking.biji.co/index.php?q=trail&act=detail&id=1275,https://cdntwrunning.biji.co/300_1f7b58dd0aaefb0c680afd732cb5ad9c.jpg
浸水營古道,"屏東縣枋寮鄉,臺東縣達仁鄉",低-中,6 小時,https://hiking.biji.co/index.php?q=trail&act=detail&id=348,https://cdntwrunning.biji.co/300_070fd79e69955b780700a0271213f81166c2741aaee6a9c67949bf4380f8661a.jpg
圓山水神社步道,台北市士林區,低,15 分鐘,https://hiking.biji.co/index.php?q=trail&act=detail&id=31,https://cdntwrunning.biji.co/300_e6d7e399ee1de17a42570ac69d0ba002.jpg
小雪山天池步道,台中市和平區,低,30 分鐘,https://hiking.biji.co/index.php?q=trail&act=detail&id=777,https://cdntwrunning.biji.co/300_7294e970f495913f35e852edd36f5066.jpg
崇德步道、清水斷崖,花蓮縣秀林鄉,低,10 分鐘,https://hiking.biji.co/index.php?q=trail&act=detail&id=722,https://cdntwrunning.biji.co/300_73545425fb8288ef0dd0e5eb39218fea.jpg
石門水庫楓林步道,桃園市大溪區,低,25 分鐘,https://hiking.biji.co/index.php?q=trail&act=detail&id=1236,https://cdntwrunning.biji.co/300_e7aa7a226523b46f42dee70d91992365.jpg
鷹石尖步道,宜蘭縣頭城鎮,低,30 分鐘,https://hiking.biji.co/index.php?q=trail&act=detail&id=551,https://cdntwrunning.biji.co/300_06f698a33943a59673d0c19295d05b3f3fa7683625d60e9dcdfe951c87dd92cc.jpg
陽明山西段縱走,"臺北市北投區,新北市淡水區,新北市三芝區",低-中,6 小時,https://hiking.biji.co/index.php?q=trail&act=detail&id=1115,https://cdntwrunning.biji.co/300_934099e6d4b6d929c21dc1b71e2ca21c.jpg
能高越嶺道全段,"南投縣仁愛鄉,花蓮縣秀林鄉",中,2 天,https://hiking.biji.co/index.php?q=trail&act=detail&id=291,https://cdntwrunning.biji.co/300_8f08f01ef235da44a821be8106120f9a5e5da7562cf1b38567531dc5880fa5da.jpg
半屏山步道,"高雄市楠梓區,高雄市左營區",低,2 小時,https://hiking.biji.co/index.php?q=trail&act=detail&id=439,https://cdntwrunning.biji.co/300_bbb85f39fc20ab0ef3a5376ca4008b624a8e73425d6757c16a6fc62ba0a6d134.jpg
橫嶺山登山步道,臺中市和平區,低-中,2 小時,https://hiking.biji.co/index.php?q=trail&act=detail&id=273,https://cdntwrunning.biji.co/300_4092934daf25ac74c5320b382302863e.jpg
青年嶺步道,嘉義縣梅山鄉,低-中,2 小時,https://hiking.biji.co/index.php?q=trail&act=detail&id=670,https://cdntwrunning.biji.co/300_b86a1f8ed9cfe5e78294c1027d4f5686.jpg
獵鷹尖一線天步道,"臺南市楠西區,臺南市南化區",低-中,2 小時 25 分鐘,https://hiking.biji.co/index.php?q=trail&act=detail&id=784,https://cdntwrunning.biji.co/300_39eae38aa54ad4dfd56f40ff11b0c05b.jpg
湖底環狀步道,台北市北投區,低,15 分鐘,https://hiking.biji.co/index.php?q=trail&act=detail&id=59,https://cdntwrunning.biji.co/300_8f0e46ceac896cf26fe03355fef214b6debddb0022628060f0cb6b06b68dfc8a.jpg
茂興懷舊步道,宜蘭縣大同鄉,低,30 分鐘,https://hiking.biji.co/index.php?q=trail&act=detail&id=378,https://cdntwrunning.biji.co/300_4d7121eafb29e761d3548864c9c7559d90282dd19bbe03b7d1f615c6e39c9d91.jpg
圓潭自然生態步道,嘉義縣竹崎鄉,低,2 小時,https://hiking.biji.co/index.php?q=trail&act=detail&id=495,https://cdntwrunning.biji.co/300_ad6a4be2555204e0c20482504c25b24288b3e34270f14cd2593bbe03cbc69bcd.jpg
九九峰森林步道,南投縣草屯鎮,低,1 小時 40 分鐘,https://hiking.biji.co/index.php?q=trail&act=detail&id=742,https://cdntwrunning.biji.co/300_343804fcd936beb4e2afa26366b5ece7.jpg
和平島環山步道,基隆市中正區,低,40 分鐘,https://hiking.biji.co/index.php?q=trail&act=detail&id=1232,https://cdntwrunning.biji.co/300_3044a449c9abf2ec36ddd54652efb792.jpg
菜公坑山步道,"臺北市北投區,新北市三芝區",低,1 小時,https://hiking.biji.co/index.php?q=trail&act=detail&id=442,https://cdntwrunning.biji.co/300_bd934acde826747822db2bbc24d1095d.jpg
竹篙山步道,臺北市士林區,低,1 小時 10 分鐘,https://hiking.biji.co/index.php?q=trail&act=detail&id=1200,https://cdntwrunning.biji.co/300_9491c3816d996c0c3542929865b3a08a.jpg
鱷魚頭景觀步道,新北市石碇區,低,1 小時 20 分鐘,https://hiking.biji.co/index.php?q=trail&act=detail&id=470,https://cdntwrunning.biji.co/300_0fca1177a2d749e2f519038fca7a561a.jpg
蘭潭後山步道、紅毛埤山,嘉義市東區,低,1 小時 20 分鐘,https://hiking.biji.co/index.php?q=trail&act=detail&id=307,https://cdntwrunning.biji.co/300_e0c528f4ceebfa91a601c2f182eb12df06af1cb061b58ef3233fad703e630eea.jpg
竹子尖山步道,"臺南市楠西區,臺南市南化區",低,2 小時,https://hiking.biji.co/index.php?q=trail&act=detail&id=816,https://cdntwrunning.biji.co/300_11e9af7985bc952f88965461b3756109.jpg
白沙岬燈塔步道,桃園市觀音區,低,15 分鐘,https://hiking.biji.co/index.php?q=trail&act=detail&id=233,https://cdntwrunning.biji.co/300_c70ac60790f69f1e6a32c5154d98b37df14a9281ebf95f23debc61e9e9d35ea2.jpg
台灣池步道(合歡北峰+小溪營地+北峰名樹),"南投縣仁愛鄉,花蓮縣秀林鄉",低-中,4 小時 10 分鐘,https://hiking.biji.co/index.php?q=trail&act=detail&id=690,https://cdntwrunning.biji.co/300_b619469a49c9010140042c8f075ec5a4.jpg
芝山岩步道群,台北市士林區,低,2 小時 15 分鐘,https://hiking.biji.co/index.php?q=trail&act=detail&id=982,https://cdntwrunning.biji.co/300_f4873609baa1fca108cab84828fb42f2.jpg
大屯自然公園步道,新北市三芝區,低,30 分鐘,https://hiking.biji.co/index.php?q=trail&act=detail&id=1307,https://cdntwrunning.biji.co/300_df0bbddd4536c94d48a6814e1f0b3b79.jpg
關子嶺雞籠山步道,臺南市白河區,低,3 小時 20 分鐘,https://hiking.biji.co/index.php?q=trail&act=detail&id=760,https://cdntwrunning.biji.co/300_d948739a01ee521e2d67ba15a52ac4fc.jpg
萬年峽谷步道,雲林縣古坑鄉,低,40 分鐘,https://hiking.biji.co/index.php?q=trail&act=detail&id=775,https://cdntwrunning.biji.co/300_2d9dd1fd43470333276b83cdfcaac392.jpg
八斗子潮境公園、環保復育公園步道,基隆市中正區,低,50 分鐘,https://hiking.biji.co/index.php?q=trail&act=detail&id=1387,https://cdntwrunning.biji.co/300_c2a3e1619dc2f7ec633d8f1bed34db78.jpg
八卦山天空步道,彰化縣彰化市,低,25 分鐘,https://hiking.biji.co/index.php?q=trail&act=detail&id=1255,https://cdntwrunning.biji.co/300_9cdc30b1b17c3887829cee61f351a66a.jpg
大坑8號步道,"臺中市北屯區,臺中市潭子區",低,1 小時 10 分鐘,https://hiking.biji.co/index.php?q=trail&act=detail&id=850,https://cdntwrunning.biji.co/300_1760a5a0d0c3f8de58c80b3c88ef7102.jpg
竹坑溪步道,嘉義縣梅山鄉,低,2 小時,https://hiking.biji.co/index.php?q=trail&act=detail&id=553,https://cdntwrunning.biji.co/300_eedcd69edc7ba5e7c87d458f93a6408108d3df27b3426ffbd91be3ec942a4a92.jpg
惠蓀林場步道,南投縣仁愛鄉,低,6 小時,https://hiking.biji.co/index.php?q=trail&act=detail&id=979,https://cdntwrunning.biji.co/300_2c012e5fb8ef4505ec09b7f758b611b6.jpg
康樂山登山步道,台北市內湖區,低,40 分鐘,https://hiking.biji.co/index.php?q=trail&act=detail&id=43,https://cdntwrunning.biji.co/300_54f64cbea2f802fd19b4850358a3c2473c094988a0f455d3bd6fe0b67c7d9edc.jpg
志佳陽大山登山步道,臺中市和平區,中,12 小時,https://hiking.biji.co/index.php?q=trail&act=detail&id=531,https://cdntwrunning.biji.co/300_fdd6b85476775b772b6c2aa3d0ee7e37214a184289fe987338637464e250896b.jpg
清水岩中央嶺造林步道,"彰化縣社頭鄉,彰化縣田中鎮,南投縣名間鄉",低,2 小時 5 分鐘,https://hiking.biji.co/index.php?q=trail&act=detail&id=283,https://cdntwrunning.biji.co/300_2f9224ab2a6b8132cd02859ae51c1c08a4d3a9dab7a3ff2502b35a6a1dd6ac60.jpg
七星主峰–東峰步道(3登山口),臺北市北投區,低-中,3 小時,https://hiking.biji.co/index.php?q=trail&act=detail&id=1929,https://cdntwrunning.biji.co/300_b21ffe3a4c271f6c1f8d23c066cbba6f.jpg
溪頭銀杏步道,南投縣鹿谷鄉,低,18 分鐘,https://hiking.biji.co/index.php?q=trail&act=detail&id=1129,https://cdntwrunning.biji.co/300_bc413996b0d360de4b01e6d75274f52c.jpg
龍過脈森林步道,雲林縣林內鄉,低,2 小時 40 分鐘,https://hiking.biji.co/index.php?q=trail&act=detail&id=306,https://cdntwrunning.biji.co/300_0493f3752f4ef6e679549320e4538347741fa8f354193d793e9895c1327e58b7.jpg
白雞山登山步道,新北市三峽區,低-中,3 小時,https://hiking.biji.co/index.php?q=trail&act=detail&id=90,https://cdntwrunning.biji.co/300_5c8f1f9c7a720afb58420516e878ac0320770fdb0e54c833e22b1d0bc2f753b3.jpg
羊頭山登山山徑,花蓮縣秀林鄉,中,9 小時,https://hiking.biji.co/index.php?q=trail&act=detail&id=482,https://cdntwrunning.biji.co/300_51eee7e791bd14ccf14cf1db4451cd01.jpg
翠山步道,台北市士林區,低,40 分鐘,https://hiking.biji.co/index.php?q=trail&act=detail&id=33,https://cdntwrunning.biji.co/300_a3d320b3f410d62f180d862e843daf3c7524755a6be4fdd9689bc338e5d4acaa.jpg
報時山步道,新北市瑞芳區,低,10 分鐘,https://hiking.biji.co/index.php?q=trail&act=detail&id=1103,https://cdntwrunning.biji.co/300_75934be3e5b160b531554e6b8f976dea.jpg
旗靈縱走(旗尾山、靈山),"高雄市旗山區,高雄市美濃區",低-中,4 小時 30 分鐘,https://hiking.biji.co/index.php?q=trail&act=detail&id=499,https://cdntwrunning.biji.co/300_9f9cd7af6ff06fa5300bc8a37257403ec0ce72217ae85fffc627a79407671b37.jpg
太極嶺步道,新北市土城區,低,35 分鐘,https://hiking.biji.co/index.php?q=trail&act=detail&id=98,https://cdntwrunning.biji.co/300_202b555b24173c77b0baac3dd524360e40db92cfca39fe6ba3bdb39159c6c576.jpg
瑞太古道,嘉義縣梅山鄉,低,3 小時,https://hiking.biji.co/index.php?q=trail&act=detail&id=318,https://cdntwrunning.biji.co/300_d37d8b36581050bb6701a906cca109143c923c23ed31fa0169dd47ad38ed41ef.jpg
阿罩霧山、中心瓏步道,臺中市霧峰區,低,2 小時,https://hiking.biji.co/index.php?q=trail&act=detail&id=568,https://cdntwrunning.biji.co/300_86e73b9b3c9eadc4372abb04af69cb77.jpg
雙連埤環湖步道,宜蘭縣員山鄉,低,50 分鐘,https://hiking.biji.co/index.php?q=trail&act=detail&id=815,https://cdntwrunning.biji.co/300_f05c55c292f17a7e8a951a37b06ce503.jpg
姜子寮絕壁步道,新北市汐止區,低,50 分鐘,https://hiking.biji.co/index.php?q=trail&act=detail&id=143,https://cdntwrunning.biji.co/300_bf6af1f157247d9fdaa7ca117150c4206553d6479156881b4f5384a011e7aea0.jpg
